plasmid_name,node_id,plasmid_length
D_NODE_13_length_3385_cov_34.4003_ID_25,4,3385
T_NODE_54_length_3385_cov_53.3532_ID_107,4,3385
D_NODE_47_length_2421_cov_15.2828_ID_93,8,2421
N_NODE_257_length_2421_cov_10.7506_ID_513,8,2421
G_NODE_18_length_3636_cov_67.167_ID_35,17,3636
Q_NODE_7_length_3636_cov_12.1067_ID_13,17,3636
G_NODE_39_length_2985_cov_5.71638_ID_77,22,2985
W_NODE_34_length_2985_cov_16.6488_ID_67,22,2985
G_NODE_51_length_2797_cov_7.33516_ID_101,23,2797
T_NODE_117_length_2797_cov_9.10394_ID_233,23,2797
H_NODE_14_length_3528_cov_20.9971_ID_27,26,3528
X_NODE_26_length_3528_cov_93.2183_ID_51,26,3528
H_NODE_49_length_2580_cov_21.863_ID_97,33,2580
W_NODE_65_length_2580_cov_6.1105_ID_129,33,2580
J_NODE_333_length_3928_cov_58.5148_ID_665,54,3928
K_NODE_35_length_3928_cov_298.141_ID_69,54,3928
J_NODE_454_length_3159_cov_197.88_ID_907,55,3159
L_NODE_94_length_3159_cov_235.107_ID_187,55,3159
J_NODE_473_length_3106_cov_430.132_ID_945,56,3106
N_NODE_115_length_3106_cov_32.195_ID_229,56,3106
J_NODE_489_length_3025_cov_142.08_ID_977,57,3025
L_NODE_108_length_3025_cov_7.7963_ID_215,57,3025
J_NODE_596_length_2668_cov_1785.41_ID_1191,58,2668
L_NODE_153_length_2668_cov_267.136_ID_305,58,2668
J_NODE_691_length_2419_cov_64.5533_ID_1381,59,2419
L_NODE_191_length_2419_cov_52.8261_ID_381,59,2419
J_NODE_726_length_2348_cov_24.5421_ID_1451,60,2348
L_NODE_202_length_2348_cov_10.7087_ID_403,60,2348
J_NODE_758_length_2243_cov_320.074_ID_1515,61,2243
M_NODE_300_length_2243_cov_194.83_ID_599,61,2243
J_NODE_783_length_2197_cov_217.847_ID_1565,62,2197
M_NODE_310_length_2197_cov_32.451_ID_619,62,2197
J_NODE_829_length_2121_cov_29.2982_ID_1657,63,2121
M_NODE_335_length_2121_cov_13.5479_ID_669,63,2121
K_NODE_250_length_2197_cov_40.3156_ID_499,65,2197
L_NODE_223_length_2197_cov_164.078_ID_445,65,2197
K_NODE_280_length_2100_cov_130.155_ID_559,66,2100
M_NODE_347_length_2100_cov_373.957_ID_693,66,2100
K_NODE_36_length_3880_cov_171.419_ID_71,67,3880
L_NODE_33_length_3880_cov_8.61699_ID_65,67,3880
K_NODE_90_length_3240_cov_12.2182_ID_179,72,3240
L_NODE_85_length_3240_cov_31.1206_ID_169,72,3240
M_NODE_125_length_3240_cov_11.1589_ID_249,72,3240
K_NODE_95_length_3203_cov_26.3698_ID_189,75,3203
M_NODE_131_length_3203_cov_24.3923_ID_261,75,3203
L_NODE_87_length_3231_cov_29.552_ID_173,77,3231
M_NODE_127_length_3231_cov_26.4175_ID_253,77,3231
L_NODE_98_length_3126_cov_8.61576_ID_195,78,3126
M_NODE_145_length_3126_cov_8.66981_ID_289,78,3126
U_NODE_43_length_3126_cov_38.928_ID_85,78,3126
Y_NODE_57_length_3126_cov_9.66298_ID_113,78,3126
N_NODE_125_length_3045_cov_40.8716_ID_249,81,3045
O_NODE_42_length_3045_cov_14.6528_ID_83,81,3045
N_NODE_177_length_2743_cov_30.8478_ID_353,86,2743
T_NODE_126_length_2743_cov_25.3824_ID_251,86,2743
W_NODE_51_length_2743_cov_4.88467_ID_101,86,2743
P_NODE_13_length_6709_cov_8.87977_ID_25,108,6709
Q_NODE_2_length_6709_cov_95.2095_ID_3,108,6709
S_NODE_250_length_2362_cov_20.3286_ID_499,112,2362
Y_NODE_172_length_2362_cov_10.811_ID_343,112,2362
T_NODE_119_length_2773_cov_13.688_ID_237,120,2773
X_NODE_83_length_2773_cov_7.61553_ID_165,120,2773
T_NODE_196_length_2443_cov_31.3941_ID_391,123,2443
Y_NODE_155_length_2443_cov_258.003_ID_309,123,2443
T_NODE_291_length_2069_cov_18.5576_ID_581,124,2069
W_NODE_138_length_2069_cov_10.3684_ID_275,124,2069
A_NODE_3_length_2977_cov_5.26557_ID_5,140,2977
A_NODE_8_length_2449_cov_5.62072_ID_15,141,2449
D_NODE_4_length_5167_cov_7.93779_ID_7,197,5167
D_NODE_6_length_4214_cov_6.70858_ID_11,198,4214
D_NODE_17_length_3246_cov_20.8063_ID_33,199,3246
D_NODE_20_length_3058_cov_27.7949_ID_39,200,3058
D_NODE_22_length_2977_cov_32.0736_ID_43,201,2977
D_NODE_24_length_2906_cov_14.3567_ID_47,202,2906
D_NODE_27_length_2856_cov_2.90253_ID_53,204,2856
D_NODE_29_length_2820_cov_5.74358_ID_57,205,2820
D_NODE_34_length_2704_cov_5.81012_ID_67,207,2704
D_NODE_66_length_2181_cov_13.4473_ID_131,210,2181
D_NODE_71_length_2069_cov_7.20804_ID_141,211,2069
D_NODE_73_length_2051_cov_5.70741_ID_145,212,2051
F_NODE_1_length_6709_cov_107.781_ID_1,289,6709
F_NODE_2_length_3572_cov_19.9389_ID_3,290,3572
F_NODE_5_length_2977_cov_7.38569_ID_9,291,2977
F_NODE_7_length_2661_cov_3.6297_ID_13,292,2661
F_NODE_9_length_2484_cov_4.99959_ID_17,293,2484
F_NODE_10_length_2449_cov_15.7431_ID_19,294,2449
F_NODE_15_length_2009_cov_2.91146_ID_29,297,2009
G_NODE_2_length_5883_cov_17.4358_ID_3,375,5883
G_NODE_16_length_3664_cov_7.35772_ID_31,377,3664
G_NODE_22_length_3397_cov_4.56553_ID_43,378,3397
G_NODE_24_length_3366_cov_6.5666_ID_47,379,3366
G_NODE_30_length_3229_cov_9.32199_ID_59,381,3229
G_NODE_32_length_3181_cov_3.24216_ID_63,382,3181
G_NODE_34_length_3151_cov_45.9994_ID_67,383,3151
G_NODE_40_length_2978_cov_43.2282_ID_79,385,2978
G_NODE_43_length_2906_cov_10.5086_ID_85,387,2906
G_NODE_46_length_2889_cov_9.97883_ID_91,388,2889
G_NODE_53_length_2771_cov_8.66753_ID_105,391,2771
G_NODE_57_length_2662_cov_5.35827_ID_113,392,2662
G_NODE_60_length_2637_cov_5.5763_ID_119,393,2637
G_NODE_63_length_2624_cov_4.09498_ID_125,394,2624
G_NODE_65_length_2612_cov_10.2957_ID_129,396,2612
G_NODE_68_length_2594_cov_8.50059_ID_135,397,2594
G_NODE_71_length_2542_cov_11.9152_ID_141,398,2542
G_NODE_78_length_2429_cov_10.4406_ID_155,400,2429
G_NODE_80_length_2409_cov_10.8394_ID_159,401,2409
G_NODE_83_length_2384_cov_6.57321_ID_165,402,2384
G_NODE_85_length_2370_cov_17.9175_ID_169,403,2370
G_NODE_87_length_2365_cov_148.561_ID_173,404,2365
G_NODE_88_length_2365_cov_2.72987_ID_175,405,2365
G_NODE_89_length_2356_cov_14.4324_ID_177,406,2356
G_NODE_93_length_2328_cov_8.90277_ID_185,407,2328
G_NODE_94_length_2312_cov_3.39433_ID_187,408,2312
G_NODE_97_length_2303_cov_13.2198_ID_193,409,2303
G_NODE_102_length_2292_cov_15.6321_ID_203,411,2292
G_NODE_103_length_2283_cov_5.33034_ID_205,412,2283
G_NODE_110_length_2248_cov_20.9302_ID_219,413,2248
G_NODE_111_length_2220_cov_34.4882_ID_221,414,2220
G_NODE_112_length_2220_cov_280.446_ID_223,415,2220
G_NODE_115_length_2211_cov_4.18089_ID_229,418,2211
G_NODE_118_length_2202_cov_11.1095_ID_235,419,2202
G_NODE_122_length_2154_cov_4.0181_ID_243,420,2154
G_NODE_124_length_2136_cov_112.257_ID_247,421,2136
G_NODE_127_length_2114_cov_8.5289_ID_253,422,2114
G_NODE_133_length_2085_cov_9.85123_ID_265,425,2085
G_NODE_135_length_2076_cov_14.0045_ID_269,427,2076
G_NODE_136_length_2072_cov_23.5607_ID_271,428,2072
G_NODE_137_length_2072_cov_40.0218_ID_273,429,2072
G_NODE_138_length_2062_cov_86.4584_ID_275,430,2062
G_NODE_140_length_2054_cov_6.76538_ID_279,431,2054
G_NODE_142_length_2038_cov_32.8296_ID_283,432,2038
G_NODE_146_length_2017_cov_27.6539_ID_291,434,2017
H_NODE_10_length_3948_cov_13.3021_ID_19,683,3948
H_NODE_17_length_3463_cov_12.0754_ID_33,686,3463
H_NODE_19_length_3379_cov_12.4326_ID_37,687,3379
H_NODE_21_length_3214_cov_6.65622_ID_41,688,3214
H_NODE_22_length_3163_cov_16.9572_ID_43,689,3163
H_NODE_24_length_2985_cov_4.06894_ID_47,690,2985
H_NODE_25_length_2977_cov_12.3727_ID_49,691,2977
H_NODE_28_length_2943_cov_3.27632_ID_55,693,2943
H_NODE_30_length_2903_cov_2.9698_ID_59,695,2903
H_NODE_38_length_2750_cov_2.98145_ID_75,696,2750
H_NODE_42_length_2705_cov_3.31094_ID_83,699,2705
H_NODE_56_length_2487_cov_23.3388_ID_111,704,2487
H_NODE_60_length_2429_cov_15.5147_ID_119,707,2429
H_NODE_62_length_2405_cov_13.8826_ID_123,708,2405
H_NODE_64_length_2376_cov_37.106_ID_127,709,2376
H_NODE_65_length_2362_cov_38.117_ID_129,710,2362
H_NODE_69_length_2292_cov_2.79392_ID_137,712,2292
H_NODE_70_length_2290_cov_7.58345_ID_139,713,2290
H_NODE_73_length_2248_cov_4.20885_ID_145,715,2248
H_NODE_75_length_2211_cov_6.45547_ID_149,716,2211
H_NODE_77_length_2194_cov_8.18233_ID_153,717,2194
H_NODE_83_length_2146_cov_16.4022_ID_165,722,2146
H_NODE_89_length_2091_cov_13.7893_ID_177,724,2091
H_NODE_91_length_2075_cov_14.8505_ID_181,725,2075
H_NODE_92_length_2074_cov_5.6315_ID_183,726,2074
H_NODE_93_length_2072_cov_26.0952_ID_185,727,2072
H_NODE_94_length_2045_cov_9.07437_ID_187,728,2045
H_NODE_98_length_2017_cov_30.7288_ID_195,731,2017
H_NODE_99_length_2005_cov_29.5508_ID_197,732,2005
H_NODE_100_length_2004_cov_22.0806_ID_199,733,2004
I_NODE_11_length_3064_cov_47.8272_ID_21,1044,3064
I_NODE_14_length_2938_cov_20.5269_ID_27,1046,2938
I_NODE_15_length_2935_cov_5.61562_ID_29,1047,2935
I_NODE_16_length_2861_cov_3.40271_ID_31,1048,2861
I_NODE_19_length_2662_cov_7.23015_ID_37,1049,2662
I_NODE_23_length_2501_cov_9.8888_ID_45,1051,2501
I_NODE_26_length_2384_cov_2.41134_ID_51,1052,2384
I_NODE_31_length_2283_cov_7.09156_ID_61,1055,2283
I_NODE_36_length_2206_cov_3.23896_ID_71,1059,2206
I_NODE_37_length_2182_cov_4.97367_ID_73,1060,2182
I_NODE_40_length_2124_cov_8.67182_ID_79,1062,2124
I_NODE_42_length_2064_cov_61.0458_ID_83,1063,2064
I_NODE_47_length_2000_cov_26.0766_ID_93,1064,2000
J_NODE_200_length_7296_cov_16.4881_ID_399,1293,7296
J_NODE_201_length_7241_cov_35.3382_ID_401,1294,7241
J_NODE_207_length_6939_cov_7.38698_ID_413,1295,6939
J_NODE_238_length_5418_cov_39.0209_ID_475,1301,5418
J_NODE_258_length_4978_cov_8.26793_ID_515,1306,4978
J_NODE_260_length_4960_cov_25.7346_ID_519,1308,4960
J_NODE_273_length_4798_cov_6.41577_ID_545,1312,4798
J_NODE_290_length_4485_cov_39.7898_ID_579,1316,4485
J_NODE_294_length_4456_cov_8.13724_ID_587,1318,4456
J_NODE_302_length_4300_cov_5.62026_ID_603,1321,4300
J_NODE_319_length_4092_cov_36.2878_ID_637,1327,4092
J_NODE_325_length_4044_cov_82.4106_ID_649,1329,4044
J_NODE_331_length_3969_cov_14.7108_ID_661,1332,3969
J_NODE_336_length_3923_cov_19.2283_ID_671,1334,3923
J_NODE_341_length_3880_cov_39.9299_ID_681,1337,3880
J_NODE_343_length_3859_cov_170.979_ID_685,1339,3859
J_NODE_358_length_3747_cov_18.1425_ID_715,1347,3747
J_NODE_360_length_3731_cov_14.2715_ID_719,1349,3731
J_NODE_371_length_3636_cov_8.24714_ID_741,1352,3636
J_NODE_373_length_3616_cov_4.78517_ID_745,1353,3616
J_NODE_376_length_3572_cov_24.5223_ID_751,1354,3572
J_NODE_377_length_3563_cov_37.6753_ID_753,1355,3563
J_NODE_379_length_3555_cov_29.6863_ID_757,1357,3555
J_NODE_383_length_3532_cov_11.6117_ID_765,1359,3532
J_NODE_384_length_3513_cov_93.489_ID_767,1360,3513
J_NODE_394_length_3445_cov_13.941_ID_787,1365,3445
J_NODE_399_length_3414_cov_6.93867_ID_797,1367,3414
J_NODE_401_length_3396_cov_23.3448_ID_801,1369,3396
J_NODE_408_length_3377_cov_52.0888_ID_815,1371,3377
J_NODE_409_length_3375_cov_121.665_ID_817,1372,3375
J_NODE_412_length_3354_cov_57.084_ID_823,1374,3354
J_NODE_413_length_3352_cov_6.78738_ID_825,1375,3352
J_NODE_414_length_3348_cov_5.35044_ID_827,1376,3348
J_NODE_415_length_3346_cov_24.9474_ID_829,1377,3346
J_NODE_416_length_3320_cov_152.847_ID_831,1378,3320
J_NODE_420_length_3308_cov_109.487_ID_839,1381,3308
J_NODE_423_length_3279_cov_10.2472_ID_845,1383,3279
J_NODE_434_length_3239_cov_10.18_ID_867,1388,3239
J_NODE_435_length_3231_cov_29.0107_ID_869,1389,3231
J_NODE_439_length_3214_cov_3.75404_ID_877,1391,3214
J_NODE_448_length_3185_cov_193.272_ID_895,1395,3185
J_NODE_455_length_3159_cov_83.2671_ID_909,1396,3159
J_NODE_459_length_3150_cov_27.316_ID_917,1399,3150
J_NODE_462_length_3140_cov_6.02626_ID_923,1401,3140
J_NODE_463_length_3140_cov_146.944_ID_925,1402,3140
J_NODE_467_length_3124_cov_12.0616_ID_933,1405,3124
J_NODE_476_length_3085_cov_241.797_ID_951,1408,3085
J_NODE_477_length_3077_cov_192.193_ID_953,1409,3077
J_NODE_479_length_3072_cov_65.2788_ID_957,1410,3072
J_NODE_481_length_3068_cov_30.9595_ID_961,1411,3068
J_NODE_482_length_3057_cov_1195.66_ID_963,1412,3057
J_NODE_483_length_3053_cov_86.8799_ID_965,1413,3053
J_NODE_486_length_3037_cov_44.4547_ID_971,1414,3037
J_NODE_487_length_3029_cov_8.89442_ID_973,1415,3029
J_NODE_488_length_3028_cov_14.4564_ID_975,1416,3028
J_NODE_490_length_3025_cov_7.12458_ID_979,1417,3025
J_NODE_492_length_3022_cov_29.7668_ID_983,1419,3022
J_NODE_497_length_3009_cov_78.3162_ID_993,1422,3009
J_NODE_501_length_2983_cov_8.92623_ID_1001,1424,2983
J_NODE_502_length_2977_cov_11.4719_ID_1003,1425,2977
J_NODE_503_length_2965_cov_10.2134_ID_1005,1426,2965
J_NODE_507_length_2938_cov_78.0871_ID_1013,1427,2938
J_NODE_508_length_2938_cov_1025.51_ID_1015,1428,2938
J_NODE_509_length_2935_cov_43.6618_ID_1017,1429,2935
J_NODE_515_length_2920_cov_136.624_ID_1029,1430,2920
J_NODE_516_length_2915_cov_45.6734_ID_1031,1431,2915
J_NODE_518_length_2900_cov_30.8429_ID_1035,1432,2900
J_NODE_522_length_2877_cov_404.529_ID_1043,1434,2877
J_NODE_532_length_2861_cov_8.67463_ID_1063,1440,2861
J_NODE_537_length_2853_cov_114.797_ID_1073,1441,2853
J_NODE_540_length_2847_cov_14.798_ID_1079,1443,2847
J_NODE_541_length_2846_cov_16.3712_ID_1081,1444,2846
J_NODE_542_length_2846_cov_18.2139_ID_1083,1445,2846
J_NODE_543_length_2846_cov_13.8861_ID_1085,1446,2846
J_NODE_544_length_2843_cov_154.105_ID_1087,1447,2843
J_NODE_548_length_2828_cov_9.86621_ID_1095,1449,2828
J_NODE_593_length_2682_cov_92.9657_ID_1185,1466,2682
J_NODE_599_length_2662_cov_62.0928_ID_1197,1469,2662
J_NODE_620_length_2621_cov_13.8005_ID_1239,1478,2621
J_NODE_633_length_2593_cov_99.9496_ID_1265,1485,2593
J_NODE_635_length_2586_cov_203.516_ID_1269,1486,2586
J_NODE_637_length_2583_cov_45.8983_ID_1273,1487,2583
J_NODE_640_length_2575_cov_5.43571_ID_1279,1489,2575
J_NODE_641_length_2564_cov_44.4635_ID_1281,1490,2564
J_NODE_648_length_2542_cov_27.9152_ID_1295,1493,2542
J_NODE_656_length_2521_cov_216.464_ID_1311,1495,2521
J_NODE_661_length_2513_cov_273.255_ID_1321,1498,2513
J_NODE_664_length_2507_cov_70.8303_ID_1327,1499,2507
J_NODE_666_length_2506_cov_63.6659_ID_1331,1500,2506
J_NODE_670_length_2501_cov_139.311_ID_1339,1502,2501
J_NODE_676_length_2465_cov_91.7788_ID_1351,1505,2465
J_NODE_677_length_2461_cov_19.3766_ID_1353,1506,2461
J_NODE_679_length_2459_cov_24.3998_ID_1357,1508,2459
J_NODE_682_length_2452_cov_23.277_ID_1363,1509,2452
J_NODE_689_length_2427_cov_202.484_ID_1377,1513,2427
J_NODE_694_length_2416_cov_204.553_ID_1387,1515,2416
J_NODE_698_length_2411_cov_37.615_ID_1395,1516,2411
J_NODE_701_length_2406_cov_43.8286_ID_1401,1519,2406
J_NODE_703_length_2404_cov_64.3938_ID_1405,1520,2404
J_NODE_704_length_2399_cov_318.144_ID_1407,1521,2399
J_NODE_706_length_2397_cov_441.519_ID_1411,1522,2397
J_NODE_707_length_2397_cov_55.2007_ID_1413,1523,2397
J_NODE_708_length_2396_cov_27.9111_ID_1415,1524,2396
J_NODE_714_length_2384_cov_85.9425_ID_1427,1526,2384
J_NODE_715_length_2380_cov_60.1531_ID_1429,1527,2380
J_NODE_717_length_2370_cov_37.9266_ID_1433,1528,2370
J_NODE_721_length_2361_cov_1087.54_ID_1441,1531,2361
J_NODE_723_length_2357_cov_8.92702_ID_1445,1533,2357
J_NODE_727_length_2347_cov_40.8106_ID_1453,1535,2347
J_NODE_733_length_2318_cov_40.411_ID_1465,1537,2318
J_NODE_735_length_2317_cov_37.5053_ID_1469,1539,2317
J_NODE_738_length_2306_cov_10.7996_ID_1475,1541,2306
J_NODE_762_length_2237_cov_89.3378_ID_1523,1551,2237
J_NODE_776_length_2213_cov_168.472_ID_1551,1557,2213
J_NODE_777_length_2210_cov_18.0343_ID_1553,1558,2210
J_NODE_779_length_2207_cov_7.33875_ID_1557,1559,2207
J_NODE_785_length_2195_cov_29.165_ID_1569,1561,2195
J_NODE_786_length_2194_cov_46.4493_ID_1571,1562,2194
J_NODE_792_length_2183_cov_15.9281_ID_1583,1564,2183
J_NODE_795_length_2182_cov_7.49318_ID_1589,1566,2182
J_NODE_802_length_2168_cov_4.61571_ID_1603,1569,2168
J_NODE_808_length_2161_cov_30.0864_ID_1615,1572,2161
J_NODE_809_length_2161_cov_38.226_ID_1617,1573,2161
J_NODE_811_length_2154_cov_150.414_ID_1621,1574,2154
J_NODE_812_length_2153_cov_26.2769_ID_1623,1575,2153
J_NODE_821_length_2136_cov_129.968_ID_1641,1577,2136
J_NODE_823_length_2130_cov_8.97108_ID_1645,1579,2130
J_NODE_824_length_2129_cov_229.109_ID_1647,1580,2129
J_NODE_828_length_2121_cov_243.143_ID_1655,1581,2121
J_NODE_832_length_2114_cov_5.81156_ID_1663,1582,2114
J_NODE_834_length_2112_cov_10.6962_ID_1667,1583,2112
J_NODE_836_length_2108_cov_43.7949_ID_1671,1584,2108
J_NODE_837_length_2106_cov_77.0361_ID_1673,1585,2106
J_NODE_838_length_2105_cov_20.8771_ID_1675,1586,2105
J_NODE_839_length_2105_cov_497.372_ID_1677,1587,2105
J_NODE_842_length_2100_cov_1422.91_ID_1683,1589,2100
J_NODE_843_length_2095_cov_51.1044_ID_1685,1590,2095
J_NODE_845_length_2090_cov_170.146_ID_1689,1591,2090
J_NODE_849_length_2088_cov_7.35465_ID_1697,1593,2088
J_NODE_855_length_2073_cov_280.661_ID_1709,1597,2073
J_NODE_856_length_2072_cov_199.797_ID_1711,1598,2072
J_NODE_859_length_2069_cov_26.2269_ID_1717,1599,2069
J_NODE_868_length_2038_cov_9.43873_ID_1735,1603,2038
J_NODE_872_length_2035_cov_8.22121_ID_1743,1605,2035
J_NODE_876_length_2032_cov_10.2251_ID_1751,1607,2032
J_NODE_877_length_2031_cov_17.3325_ID_1753,1608,2031
J_NODE_893_length_2001_cov_585.642_ID_1785,1613,2001
J_NODE_894_length_2000_cov_4.51517_ID_1787,1614,2000
J_NODE_896_length_2000_cov_26.9224_ID_1791,1615,2000
K_NODE_12_length_4987_cov_25.1358_ID_23,2474,4987
K_NODE_18_length_4806_cov_12.4668_ID_35,2479,4806
K_NODE_22_length_4574_cov_18.0843_ID_43,2483,4574
K_NODE_24_length_4383_cov_35.927_ID_47,2485,4383
K_NODE_26_length_4297_cov_60.0064_ID_51,2486,4297
K_NODE_29_length_4092_cov_10.4357_ID_57,2488,4092
K_NODE_31_length_4044_cov_44.359_ID_61,2489,4044
K_NODE_32_length_4029_cov_6.35531_ID_63,2490,4029
K_NODE_33_length_3969_cov_6.20107_ID_65,2491,3969
K_NODE_34_length_3944_cov_27.5228_ID_67,2492,3944
K_NODE_37_length_3875_cov_5.08848_ID_73,2493,3875
K_NODE_38_length_3859_cov_4.99106_ID_75,2494,3859
K_NODE_41_length_3747_cov_26.1146_ID_81,2495,3747
K_NODE_42_length_3743_cov_27.4436_ID_83,2496,3743
K_NODE_45_length_3692_cov_71.5884_ID_89,2498,3692
K_NODE_46_length_3675_cov_35.9301_ID_91,2499,3675
K_NODE_49_length_3636_cov_15.8257_ID_97,2500,3636
K_NODE_50_length_3616_cov_5.83628_ID_99,2501,3616
K_NODE_53_length_3579_cov_17.4898_ID_105,2502,3579
K_NODE_59_length_3463_cov_27.1447_ID_117,2505,3463
K_NODE_60_length_3460_cov_7.00852_ID_119,2506,3460
K_NODE_63_length_3445_cov_25.9826_ID_125,2507,3445
K_NODE_65_length_3413_cov_28.2689_ID_129,2509,3413
K_NODE_66_length_3408_cov_26.0203_ID_131,2510,3408
K_NODE_68_length_3396_cov_8.68722_ID_135,2511,3396
K_NODE_70_length_3385_cov_13.4757_ID_139,2512,3385
K_NODE_71_length_3378_cov_5.61059_ID_141,2513,3378
K_NODE_72_length_3377_cov_13.22_ID_143,2514,3377
K_NODE_74_length_3370_cov_12.892_ID_147,2516,3370
K_NODE_76_length_3354_cov_4.58866_ID_151,2517,3354
K_NODE_77_length_3346_cov_3.59465_ID_153,2518,3346
K_NODE_79_length_3320_cov_23.702_ID_157,2519,3320
K_NODE_83_length_3265_cov_16.2056_ID_165,2522,3265
K_NODE_89_length_3241_cov_38.3569_ID_177,2525,3241
K_NODE_92_length_3231_cov_17.3826_ID_183,2526,3231
K_NODE_93_length_3216_cov_64.8289_ID_185,2527,3216
K_NODE_96_length_3200_cov_13.4814_ID_191,2529,3200
K_NODE_98_length_3185_cov_3.91917_ID_195,2531,3185
K_NODE_99_length_3185_cov_482.981_ID_197,2532,3185
K_NODE_101_length_3159_cov_11.4697_ID_201,2533,3159
K_NODE_102_length_3147_cov_4.63131_ID_203,2534,3147
K_NODE_105_length_3077_cov_957.678_ID_209,2535,3077
K_NODE_107_length_3042_cov_570.386_ID_213,2536,3042
K_NODE_108_length_3022_cov_4.29424_ID_215,2537,3022
K_NODE_113_length_2983_cov_4.87671_ID_225,2538,2983
K_NODE_116_length_2965_cov_12.0072_ID_231,2540,2965
K_NODE_119_length_2957_cov_5.90868_ID_237,2543,2957
K_NODE_120_length_2953_cov_16.107_ID_239,2544,2953
K_NODE_122_length_2938_cov_654.026_ID_243,2545,2938
K_NODE_123_length_2938_cov_9.14672_ID_245,2546,2938
K_NODE_124_length_2935_cov_24.5521_ID_247,2547,2935
K_NODE_129_length_2920_cov_56.3623_ID_257,2550,2920
K_NODE_132_length_2900_cov_36.6861_ID_263,2552,2900
K_NODE_133_length_2877_cov_17.5269_ID_265,2553,2877
K_NODE_135_length_2864_cov_2.16091_ID_269,2554,2864
K_NODE_137_length_2846_cov_3.24579_ID_273,2556,2846
K_NODE_138_length_2843_cov_53.6295_ID_275,2557,2843
K_NODE_141_length_2790_cov_300.697_ID_281,2558,2790
K_NODE_142_length_2781_cov_3.97359_ID_283,2559,2781
K_NODE_144_length_2775_cov_78.8695_ID_287,2561,2775
K_NODE_145_length_2775_cov_120.369_ID_289,2562,2775
K_NODE_150_length_2752_cov_6.16908_ID_299,2563,2752
K_NODE_152_length_2751_cov_4.78598_ID_303,2564,2751
K_NODE_161_length_2673_cov_11.7185_ID_321,2568,2673
K_NODE_163_length_2662_cov_11.3579_ID_325,2570,2662
K_NODE_171_length_2593_cov_8.83727_ID_341,2574,2593
K_NODE_174_length_2583_cov_6.57832_ID_347,2576,2583
K_NODE_181_length_2519_cov_87.6997_ID_361,2578,2519
K_NODE_183_length_2505_cov_3.81918_ID_365,2579,2505
K_NODE_184_length_2501_cov_24.4542_ID_367,2580,2501
K_NODE_189_length_2474_cov_4.87888_ID_377,2584,2474
K_NODE_194_length_2452_cov_19.0901_ID_387,2586,2452
K_NODE_201_length_2419_cov_26.9886_ID_401,2588,2419
K_NODE_202_length_2405_cov_21.226_ID_403,2589,2405
K_NODE_204_length_2399_cov_7.16126_ID_407,2591,2399
K_NODE_205_length_2397_cov_259.191_ID_409,2592,2397
K_NODE_209_length_2384_cov_5.16273_ID_417,2594,2384
K_NODE_210_length_2381_cov_128.996_ID_419,2595,2381
K_NODE_214_length_2357_cov_9.14379_ID_427,2598,2357
K_NODE_216_length_2348_cov_9.74095_ID_431,2599,2348
K_NODE_217_length_2347_cov_15.5109_ID_433,2600,2347
K_NODE_223_length_2324_cov_4.03746_ID_445,2601,2324
K_NODE_224_length_2321_cov_3.85305_ID_447,2602,2321
K_NODE_225_length_2320_cov_58.46_ID_449,2603,2320
K_NODE_226_length_2318_cov_53.989_ID_451,2604,2318
K_NODE_227_length_2317_cov_10.9947_ID_453,2605,2317
K_NODE_229_length_2296_cov_7.42303_ID_457,2607,2296
K_NODE_230_length_2295_cov_5.23884_ID_459,2608,2295
K_NODE_231_length_2290_cov_7.75391_ID_461,2609,2290
K_NODE_237_length_2262_cov_3.34119_ID_473,2610,2262
K_NODE_242_length_2243_cov_40.6467_ID_483,2612,2243
K_NODE_246_length_2218_cov_8.64448_ID_491,2614,2218
K_NODE_251_length_2195_cov_2.94813_ID_501,2615,2195
K_NODE_252_length_2194_cov_6.27256_ID_503,2616,2194
K_NODE_256_length_2183_cov_4.67669_ID_511,2619,2183
K_NODE_259_length_2169_cov_10.0208_ID_517,2620,2169
K_NODE_260_length_2161_cov_6.60541_ID_519,2621,2161
K_NODE_261_length_2161_cov_48.3253_ID_521,2622,2161
K_NODE_262_length_2160_cov_43.5748_ID_523,2623,2160
K_NODE_263_length_2157_cov_98.8944_ID_525,2624,2157
K_NODE_265_length_2153_cov_6.12774_ID_529,2625,2153
K_NODE_266_length_2148_cov_28.9642_ID_531,2626,2148
K_NODE_267_length_2146_cov_73.7494_ID_533,2627,2146
K_NODE_268_length_2133_cov_5.34408_ID_535,2628,2133
K_NODE_270_length_2129_cov_10.2015_ID_539,2629,2129
K_NODE_273_length_2123_cov_67.911_ID_545,2630,2123
K_NODE_274_length_2113_cov_10.1361_ID_547,2631,2113
K_NODE_276_length_2106_cov_3.46416_ID_551,2633,2106
K_NODE_277_length_2105_cov_53.2234_ID_553,2634,2105
K_NODE_278_length_2105_cov_44.7537_ID_555,2635,2105
K_NODE_279_length_2104_cov_10.287_ID_557,2636,2104
K_NODE_281_length_2094_cov_14.7499_ID_561,2637,2094
K_NODE_283_length_2081_cov_4.54344_ID_565,2638,2081
K_NODE_285_length_2078_cov_18.8176_ID_569,2639,2078
K_NODE_286_length_2073_cov_219.212_ID_571,2640,2073
K_NODE_290_length_2065_cov_11.8886_ID_579,2642,2065
K_NODE_292_length_2064_cov_5.52464_ID_583,2643,2064
K_NODE_293_length_2060_cov_3.24788_ID_585,2644,2060
K_NODE_294_length_2060_cov_12.9586_ID_587,2645,2060
K_NODE_299_length_2048_cov_7.41295_ID_597,2649,2048
K_NODE_300_length_2047_cov_5.71335_ID_599,2650,2047
K_NODE_301_length_2042_cov_27.8978_ID_601,2651,2042
K_NODE_303_length_2038_cov_7.24054_ID_605,2653,2038
K_NODE_307_length_2002_cov_230.831_ID_613,2656,2002
L_NODE_4_length_7297_cov_5.1385_ID_7,3066,7297
L_NODE_8_length_5418_cov_13.6345_ID_15,3067,5418
L_NODE_10_length_5063_cov_21.5036_ID_19,3068,5063
L_NODE_11_length_4960_cov_39.832_ID_21,3069,4960
L_NODE_14_length_4539_cov_7.25045_ID_27,3070,4539
L_NODE_17_length_4425_cov_119.574_ID_33,3072,4425
L_NODE_21_length_4213_cov_83.4353_ID_41,3073,4213
L_NODE_24_length_4092_cov_15.3835_ID_47,3075,4092
L_NODE_25_length_4073_cov_4.97909_ID_49,3076,4073
L_NODE_27_length_4044_cov_75.3943_ID_53,3077,4044
L_NODE_29_length_3969_cov_12.3592_ID_57,3078,3969
L_NODE_30_length_3923_cov_34.8376_ID_59,3079,3923
L_NODE_32_length_3902_cov_7.9883_ID_63,3081,3902
L_NODE_38_length_3786_cov_99.7014_ID_75,3083,3786
L_NODE_39_length_3775_cov_7.92339_ID_77,3084,3775
L_NODE_40_length_3747_cov_8.21316_ID_79,3085,3747
L_NODE_41_length_3735_cov_234.708_ID_81,3086,3735
L_NODE_43_length_3731_cov_5.97905_ID_85,3087,3731
L_NODE_51_length_3602_cov_79.0953_ID_101,3090,3602
L_NODE_53_length_3576_cov_4.81142_ID_105,3091,3576
L_NODE_54_length_3573_cov_4.44542_ID_107,3092,3573
L_NODE_55_length_3561_cov_48.65_ID_109,3093,3561
L_NODE_56_length_3555_cov_12.4506_ID_111,3094,3555
L_NODE_59_length_3532_cov_8.13172_ID_117,3096,3532
L_NODE_61_length_3460_cov_9.80499_ID_121,3098,3460
L_NODE_62_length_3455_cov_37.9906_ID_123,3099,3455
L_NODE_64_length_3445_cov_3.70029_ID_127,3100,3445
L_NODE_65_length_3419_cov_4.26516_ID_129,3101,3419
L_NODE_66_length_3414_cov_13.8235_ID_131,3102,3414
L_NODE_69_length_3408_cov_4.81837_ID_137,3105,3408
L_NODE_71_length_3380_cov_21.0271_ID_141,3106,3380
L_NODE_73_length_3370_cov_55.4836_ID_145,3107,3370
L_NODE_75_length_3354_cov_4.22189_ID_149,3109,3354
L_NODE_76_length_3352_cov_11.7109_ID_151,3110,3352
L_NODE_77_length_3346_cov_2.83075_ID_153,3111,3346
L_NODE_79_length_3320_cov_12.8585_ID_157,3113,3320
L_NODE_80_length_3308_cov_475.545_ID_159,3114,3308
L_NODE_81_length_3308_cov_22.5948_ID_161,3115,3308
L_NODE_84_length_3241_cov_5.61237_ID_167,3116,3241
L_NODE_86_length_3239_cov_27.739_ID_171,3117,3239
L_NODE_90_length_3185_cov_1414.02_ID_179,3119,3185
L_NODE_93_length_3160_cov_2819.22_ID_185,3122,3160
L_NODE_101_length_3105_cov_27.7921_ID_201,3126,3105
L_NODE_103_length_3085_cov_6.61056_ID_205,3127,3085
L_NODE_104_length_3068_cov_8.18088_ID_207,3128,3068
L_NODE_105_length_3064_cov_2064.11_ID_209,3129,3064
L_NODE_106_length_3064_cov_37.9003_ID_211,3130,3064
L_NODE_110_length_3022_cov_4.98719_ID_219,3131,3022
L_NODE_111_length_3009_cov_19.0928_ID_221,3132,3009
L_NODE_114_length_2965_cov_16.0883_ID_227,3134,2965
L_NODE_115_length_2965_cov_28.5282_ID_229,3135,2965
L_NODE_116_length_2957_cov_16.8811_ID_231,3136,2957
L_NODE_117_length_2953_cov_12.5766_ID_233,3137,2953
L_NODE_118_length_2944_cov_5.18242_ID_235,3138,2944
L_NODE_119_length_2938_cov_46.8089_ID_237,3139,2938
L_NODE_120_length_2938_cov_421.198_ID_239,3140,2938
L_NODE_121_length_2935_cov_25.5375_ID_241,3141,2935
L_NODE_124_length_2928_cov_3.3331_ID_247,3143,2928
L_NODE_126_length_2861_cov_3.9469_ID_251,3144,2861
L_NODE_128_length_2846_cov_4.29452_ID_255,3145,2846
L_NODE_129_length_2836_cov_4.68752_ID_257,3146,2836
L_NODE_130_length_2834_cov_63.8194_ID_259,3147,2834
L_NODE_135_length_2756_cov_10.0581_ID_269,3149,2756
L_NODE_136_length_2751_cov_23.9325_ID_271,3150,2751
L_NODE_143_length_2738_cov_13.3574_ID_285,3152,2738
L_NODE_145_length_2730_cov_199.168_ID_289,3153,2730
L_NODE_150_length_2693_cov_127.376_ID_299,3156,2693
L_NODE_155_length_2662_cov_5.30917_ID_309,3158,2662
L_NODE_159_length_2625_cov_36.4296_ID_317,3160,2625
L_NODE_160_length_2621_cov_10.8671_ID_319,3161,2621
L_NODE_163_length_2596_cov_9.79496_ID_325,3163,2596
L_NODE_164_length_2583_cov_4.90071_ID_327,3164,2583
L_NODE_166_length_2570_cov_210.837_ID_331,3165,2570
L_NODE_168_length_2558_cov_4.9193_ID_335,3167,2558
L_NODE_171_length_2542_cov_19.1846_ID_341,3169,2542
L_NODE_177_length_2521_cov_11.968_ID_353,3170,2521
L_NODE_179_length_2508_cov_12.3547_ID_357,3171,2508
L_NODE_180_length_2507_cov_4.53263_ID_359,3172,2507
L_NODE_184_length_2465_cov_62.6415_ID_367,3173,2465
L_NODE_185_length_2455_cov_5.53708_ID_369,3174,2455
L_NODE_192_length_2411_cov_10.4312_ID_383,3177,2411
L_NODE_195_length_2399_cov_8.63012_ID_389,3179,2399
L_NODE_196_length_2397_cov_76.5013_ID_391,3180,2397
L_NODE_198_length_2384_cov_6.77888_ID_395,3181,2384
L_NODE_199_length_2378_cov_2.99225_ID_397,3182,2378
L_NODE_201_length_2373_cov_5.01337_ID_401,3183,2373
L_NODE_203_length_2347_cov_3.74346_ID_405,3184,2347
L_NODE_211_length_2295_cov_8.67768_ID_421,3189,2295
L_NODE_213_length_2283_cov_4.69838_ID_425,3191,2283
L_NODE_220_length_2229_cov_3.3896_ID_439,3192,2229
L_NODE_227_length_2182_cov_73.2995_ID_453,3195,2182
L_NODE_230_length_2161_cov_4.88557_ID_459,3196,2161
L_NODE_231_length_2160_cov_18.1819_ID_461,3197,2160
L_NODE_233_length_2157_cov_391.267_ID_465,3198,2157
L_NODE_236_length_2123_cov_27.0397_ID_471,3199,2123
L_NODE_238_length_2122_cov_12.6991_ID_475,3201,2122
L_NODE_239_length_2121_cov_21.7962_ID_477,3202,2121
L_NODE_242_length_2108_cov_217.564_ID_483,3205,2108
L_NODE_243_length_2106_cov_55.371_ID_485,3206,2106
L_NODE_244_length_2105_cov_158.31_ID_487,3207,2105
L_NODE_245_length_2100_cov_440.592_ID_489,3208,2100
L_NODE_246_length_2095_cov_18.5593_ID_491,3209,2095
L_NODE_247_length_2094_cov_33.357_ID_493,3210,2094
L_NODE_250_length_2088_cov_10.5017_ID_499,3211,2088
L_NODE_252_length_2081_cov_5.39042_ID_503,3212,2081
L_NODE_253_length_2076_cov_3.13756_ID_505,3213,2076
L_NODE_256_length_2063_cov_10.4373_ID_511,3215,2063
L_NODE_257_length_2049_cov_2.5667_ID_513,3216,2049
L_NODE_260_length_2048_cov_50.4375_ID_519,3217,2048
L_NODE_261_length_2048_cov_11.431_ID_521,3218,2048
L_NODE_264_length_2041_cov_3.61078_ID_527,3219,2041
L_NODE_265_length_2033_cov_4.28969_ID_529,3220,2033
L_NODE_273_length_2002_cov_613.347_ID_545,3222,2002
M_NODE_5_length_7296_cov_33.648_ID_9,3455,7296
M_NODE_6_length_7241_cov_171.484_ID_11,3456,7241
M_NODE_21_length_5063_cov_36.5735_ID_41,3462,5063
M_NODE_23_length_4960_cov_4.83996_ID_45,3464,4960
M_NODE_27_length_4806_cov_22.2903_ID_53,3466,4806
M_NODE_28_length_4798_cov_12.316_ID_55,3467,4798
M_NODE_36_length_4456_cov_5.75892_ID_71,3471,4456
M_NODE_41_length_4330_cov_9.90152_ID_81,3475,4330
M_NODE_42_length_4300_cov_4.1861_ID_83,3476,4300
M_NODE_48_length_4153_cov_14.7233_ID_95,3479,4153
M_NODE_50_length_4092_cov_18.978_ID_99,3480,4092
M_NODE_57_length_4021_cov_23.8273_ID_113,3484,4021
M_NODE_62_length_3945_cov_39.7483_ID_123,3488,3945
M_NODE_63_length_3944_cov_8.65544_ID_125,3489,3944
M_NODE_65_length_3922_cov_8.3773_ID_129,3490,3922
M_NODE_66_length_3875_cov_8.16754_ID_131,3491,3875
M_NODE_72_length_3786_cov_14.7054_ID_143,3493,3786
M_NODE_73_length_3786_cov_479.269_ID_145,3494,3786
M_NODE_77_length_3775_cov_9.07554_ID_153,3498,3775
M_NODE_80_length_3754_cov_21.2944_ID_159,3499,3754
M_NODE_82_length_3726_cov_12.5879_ID_163,3500,3726
M_NODE_90_length_3616_cov_16.5442_ID_179,3504,3616
M_NODE_91_length_3579_cov_10.3581_ID_181,3505,3579
M_NODE_95_length_3558_cov_17.6377_ID_189,3509,3558
M_NODE_96_length_3555_cov_7.90486_ID_191,3510,3555
M_NODE_98_length_3537_cov_45.4911_ID_195,3512,3537
M_NODE_102_length_3460_cov_20.5457_ID_203,3514,3460
M_NODE_103_length_3460_cov_63.4364_ID_205,3515,3460
M_NODE_104_length_3453_cov_17.9497_ID_207,3516,3453
M_NODE_107_length_3422_cov_24.3721_ID_213,3517,3422
M_NODE_108_length_3408_cov_207.154_ID_215,3518,3408
M_NODE_109_length_3396_cov_5.74169_ID_217,3519,3396
M_NODE_110_length_3387_cov_8.15426_ID_219,3520,3387
M_NODE_111_length_3376_cov_30.9985_ID_221,3521,3376
M_NODE_117_length_3320_cov_43.4217_ID_233,3523,3320
M_NODE_118_length_3308_cov_20.1005_ID_235,3524,3308
M_NODE_121_length_3265_cov_10.5832_ID_241,3527,3265
M_NODE_126_length_3239_cov_5.94881_ID_251,3529,3239
M_NODE_133_length_3185_cov_893.648_ID_265,3530,3185
M_NODE_134_length_3181_cov_32.0368_ID_267,3531,3181
M_NODE_138_length_3163_cov_107.218_ID_275,3532,3163
M_NODE_140_length_3159_cov_62.1685_ID_279,3534,3159
M_NODE_146_length_3124_cov_10.9065_ID_291,3535,3124
M_NODE_151_length_3068_cov_12.1162_ID_301,3538,3068
M_NODE_152_length_3064_cov_57.6364_ID_303,3539,3064
M_NODE_154_length_3037_cov_4.99229_ID_307,3541,3037
M_NODE_158_length_3028_cov_4.41036_ID_315,3543,3028
M_NODE_159_length_3025_cov_3.99192_ID_317,3544,3025
M_NODE_160_length_3009_cov_23.3619_ID_319,3545,3009
M_NODE_161_length_3003_cov_40.9976_ID_321,3546,3003
M_NODE_165_length_2965_cov_38.7643_ID_329,3548,2965
M_NODE_170_length_2938_cov_134.552_ID_339,3551,2938
M_NODE_171_length_2935_cov_23.0851_ID_341,3552,2935
M_NODE_172_length_2915_cov_6.69441_ID_343,3553,2915
M_NODE_173_length_2914_cov_47.9818_ID_345,3554,2914
M_NODE_179_length_2864_cov_6.34567_ID_357,3556,2864
M_NODE_180_length_2859_cov_11.1833_ID_359,3557,2859
M_NODE_182_length_2852_cov_10.369_ID_363,3559,2852
M_NODE_183_length_2846_cov_3.8857_ID_365,3560,2846
M_NODE_185_length_2832_cov_94.0018_ID_369,3562,2832
M_NODE_191_length_2766_cov_6.49723_ID_381,3565,2766
M_NODE_195_length_2756_cov_9.73973_ID_389,3566,2756
M_NODE_197_length_2752_cov_96.4828_ID_393,3567,2752
M_NODE_198_length_2751_cov_22.1958_ID_395,3568,2751
M_NODE_201_length_2729_cov_4.19185_ID_401,3570,2729
M_NODE_210_length_2679_cov_22.2614_ID_419,3575,2679
M_NODE_211_length_2676_cov_1027.49_ID_421,3576,2676
M_NODE_212_length_2673_cov_5.13866_ID_423,3577,2673
M_NODE_215_length_2662_cov_14.9175_ID_429,3579,2662
M_NODE_219_length_2625_cov_12.6603_ID_437,3580,2625
M_NODE_221_length_2616_cov_7.82585_ID_441,3581,2616
M_NODE_223_length_2612_cov_262.549_ID_445,3582,2612
M_NODE_224_length_2583_cov_5.83426_ID_447,3583,2583
M_NODE_225_length_2582_cov_9.21686_ID_449,3584,2582
M_NODE_226_length_2579_cov_6.04398_ID_451,3585,2579
M_NODE_238_length_2521_cov_69.2903_ID_475,3587,2521
M_NODE_242_length_2508_cov_48.3596_ID_483,3588,2508
M_NODE_245_length_2501_cov_88.6419_ID_489,3589,2501
M_NODE_250_length_2465_cov_30.1365_ID_499,3591,2465
M_NODE_254_length_2461_cov_3.55694_ID_507,3593,2461
M_NODE_255_length_2460_cov_3.66611_ID_509,3594,2460
M_NODE_256_length_2455_cov_88.9537_ID_511,3595,2455
M_NODE_264_length_2411_cov_24.4261_ID_527,3598,2411
M_NODE_266_length_2405_cov_18.6898_ID_531,3600,2405
M_NODE_268_length_2399_cov_25.7986_ID_535,3601,2399
M_NODE_269_length_2398_cov_6.66155_ID_537,3602,2398
M_NODE_270_length_2397_cov_7.13493_ID_539,3603,2397
M_NODE_271_length_2397_cov_14.1597_ID_541,3604,2397
M_NODE_273_length_2384_cov_11.8931_ID_545,3605,2384
M_NODE_280_length_2348_cov_14.8661_ID_559,3608,2348
M_NODE_281_length_2347_cov_6.22077_ID_561,3609,2347
M_NODE_284_length_2327_cov_34.0031_ID_567,3610,2327
M_NODE_287_length_2318_cov_29.6385_ID_573,3611,2318
M_NODE_288_length_2307_cov_11.9702_ID_575,3612,2307
M_NODE_293_length_2283_cov_6.87433_ID_585,3614,2283
M_NODE_295_length_2269_cov_7.39883_ID_589,3615,2269
M_NODE_296_length_2262_cov_4.6928_ID_591,3616,2262
M_NODE_307_length_2210_cov_5.91415_ID_613,3619,2210
M_NODE_309_length_2202_cov_17.4071_ID_617,3620,2202
M_NODE_313_length_2194_cov_29.6924_ID_625,3622,2194
M_NODE_315_length_2183_cov_16.6668_ID_629,3623,2183
M_NODE_316_length_2182_cov_8.82087_ID_631,3624,2182
M_NODE_317_length_2181_cov_11.5071_ID_633,3625,2181
M_NODE_322_length_2161_cov_74.1059_ID_643,3627,2161
M_NODE_324_length_2157_cov_935.33_ID_647,3628,2157
M_NODE_326_length_2147_cov_7.79732_ID_651,3629,2147
M_NODE_332_length_2136_cov_4.25228_ID_663,3631,2136
M_NODE_334_length_2124_cov_15.0503_ID_667,3632,2124
M_NODE_337_length_2116_cov_152.792_ID_673,3633,2116
M_NODE_339_length_2112_cov_4.97229_ID_677,3634,2112
M_NODE_341_length_2108_cov_27.5923_ID_681,3635,2108
M_NODE_343_length_2106_cov_23.351_ID_685,3637,2106
M_NODE_344_length_2105_cov_144.256_ID_687,3638,2105
M_NODE_345_length_2104_cov_7.51879_ID_689,3639,2104
M_NODE_346_length_2103_cov_39.0176_ID_691,3640,2103
M_NODE_350_length_2095_cov_20.4833_ID_699,3641,2095
M_NODE_353_length_2090_cov_6.54889_ID_705,3642,2090
M_NODE_357_length_2072_cov_9.55825_ID_713,3644,2072
M_NODE_361_length_2048_cov_12.2398_ID_721,3645,2048
M_NODE_365_length_2038_cov_5.72012_ID_729,3647,2038
M_NODE_375_length_2007_cov_2.57326_ID_749,3651,2007
M_NODE_376_length_2002_cov_721.006_ID_751,3652,2002
N_NODE_1_length_6709_cov_37.991_ID_1,3952,6709
N_NODE_22_length_4377_cov_5.08723_ID_43,3957,4377
N_NODE_27_length_4100_cov_18.8932_ID_53,3959,4100
N_NODE_36_length_3817_cov_22.3147_ID_71,3963,3817
N_NODE_39_length_3766_cov_21.8076_ID_77,3965,3766
N_NODE_40_length_3753_cov_18.9602_ID_79,3966,3753
N_NODE_46_length_3664_cov_10.9704_ID_91,3971,3664
N_NODE_47_length_3658_cov_11.9392_ID_93,3972,3658
N_NODE_49_length_3645_cov_23.546_ID_97,3973,3645
N_NODE_56_length_3595_cov_15.8023_ID_111,3976,3595
N_NODE_59_length_3573_cov_60.2607_ID_117,3977,3573
N_NODE_68_length_3463_cov_3.40874_ID_135,3984,3463
N_NODE_74_length_3410_cov_4.26438_ID_147,3989,3410
N_NODE_76_length_3385_cov_14.0508_ID_151,3990,3385
N_NODE_79_length_3355_cov_10.3809_ID_157,3991,3355
N_NODE_83_length_3308_cov_6.88318_ID_165,3994,3308
N_NODE_86_length_3279_cov_5.99752_ID_171,3996,3279
N_NODE_90_length_3255_cov_10.5628_ID_179,4000,3255
N_NODE_93_length_3212_cov_4.48844_ID_185,4001,3212
N_NODE_95_length_3207_cov_22.6577_ID_189,4002,3207
N_NODE_103_length_3166_cov_12.5931_ID_205,4005,3166
N_NODE_105_length_3163_cov_49.1937_ID_209,4007,3163
N_NODE_108_length_3143_cov_13.419_ID_215,4008,3143
N_NODE_110_length_3133_cov_4.40286_ID_219,4009,3133
N_NODE_114_length_3115_cov_4.09641_ID_227,4010,3115
N_NODE_118_length_3096_cov_192.299_ID_235,4011,3096
N_NODE_119_length_3088_cov_8.17211_ID_237,4012,3088
N_NODE_122_length_3066_cov_5.90966_ID_243,4014,3066
N_NODE_123_length_3054_cov_7.41247_ID_245,4015,3054
N_NODE_126_length_3031_cov_3.84879_ID_251,4016,3031
N_NODE_131_length_3001_cov_2.43143_ID_261,4017,3001
N_NODE_133_length_2989_cov_3.24233_ID_265,4019,2989
N_NODE_134_length_2985_cov_4.71024_ID_267,4020,2985
N_NODE_136_length_2984_cov_32.9597_ID_271,4021,2984
N_NODE_142_length_2911_cov_41.381_ID_283,4023,2911
N_NODE_143_length_2900_cov_4.03691_ID_285,4024,2900
N_NODE_146_length_2873_cov_13.4613_ID_291,4026,2873
N_NODE_149_length_2857_cov_13.2573_ID_297,4028,2857
N_NODE_150_length_2850_cov_21.1288_ID_299,4029,2850
N_NODE_157_length_2837_cov_5.19626_ID_313,4032,2837
N_NODE_158_length_2835_cov_112.126_ID_315,4033,2835
N_NODE_160_length_2829_cov_9.5894_ID_319,4035,2829
N_NODE_161_length_2808_cov_8.95532_ID_321,4036,2808
N_NODE_164_length_2797_cov_24.8796_ID_327,4037,2797
N_NODE_169_length_2771_cov_17.1123_ID_337,4040,2771
N_NODE_175_length_2746_cov_32.874_ID_349,4042,2746
N_NODE_176_length_2745_cov_5.52416_ID_351,4043,2745
N_NODE_181_length_2730_cov_4.85346_ID_361,4045,2730
N_NODE_184_length_2710_cov_185.386_ID_367,4047,2710
N_NODE_186_length_2705_cov_11.4306_ID_371,4048,2705
N_NODE_194_length_2648_cov_5.82106_ID_387,4052,2648
N_NODE_196_length_2633_cov_16.8472_ID_391,4054,2633
N_NODE_197_length_2621_cov_111.254_ID_393,4055,2621
N_NODE_198_length_2620_cov_7.0924_ID_395,4056,2620
N_NODE_199_length_2618_cov_5.56691_ID_397,4057,2618
N_NODE_200_length_2608_cov_33.5213_ID_399,4058,2608
N_NODE_201_length_2606_cov_7.56174_ID_401,4059,2606
N_NODE_206_length_2594_cov_40.3505_ID_411,4060,2594
N_NODE_214_length_2573_cov_15.5814_ID_427,4062,2573
N_NODE_216_length_2568_cov_6.04099_ID_431,4064,2568
N_NODE_222_length_2542_cov_51.1238_ID_443,4065,2542
N_NODE_224_length_2534_cov_38.5543_ID_447,4066,2534
N_NODE_228_length_2510_cov_11.9169_ID_455,4068,2510
N_NODE_232_length_2487_cov_43.9979_ID_463,4070,2487
N_NODE_236_length_2479_cov_179.702_ID_471,4071,2479
N_NODE_238_length_2474_cov_23.9603_ID_475,4072,2474
N_NODE_247_length_2446_cov_6.2476_ID_493,4075,2446
N_NODE_260_length_2415_cov_6.30042_ID_519,4082,2415
N_NODE_261_length_2409_cov_6.47154_ID_521,4083,2409
N_NODE_262_length_2409_cov_4.64528_ID_523,4084,2409
N_NODE_263_length_2409_cov_3.7124_ID_525,4085,2409
N_NODE_264_length_2406_cov_59.1821_ID_527,4086,2406
N_NODE_265_length_2406_cov_7.9681_ID_529,4087,2406
N_NODE_266_length_2395_cov_5.87991_ID_531,4088,2395
N_NODE_267_length_2392_cov_185.166_ID_533,4089,2392
N_NODE_272_length_2376_cov_39.4653_ID_543,4090,2376
N_NODE_273_length_2373_cov_4.82183_ID_545,4091,2373
N_NODE_275_length_2365_cov_244.291_ID_549,4093,2365
N_NODE_276_length_2365_cov_7.87965_ID_551,4094,2365
N_NODE_277_length_2362_cov_61.642_ID_553,4095,2362
N_NODE_278_length_2360_cov_5.55271_ID_555,4096,2360
N_NODE_280_length_2358_cov_14.3105_ID_559,4097,2358
N_NODE_281_length_2356_cov_11.7475_ID_561,4098,2356
N_NODE_285_length_2345_cov_46.217_ID_569,4100,2345
N_NODE_286_length_2343_cov_70.8274_ID_571,4101,2343
N_NODE_287_length_2340_cov_18.0389_ID_573,4102,2340
N_NODE_289_length_2328_cov_16.5913_ID_577,4103,2328
N_NODE_292_length_2305_cov_47.9649_ID_583,4105,2305
N_NODE_294_length_2300_cov_6.14967_ID_587,4107,2300
N_NODE_296_length_2295_cov_28.0268_ID_591,4108,2295
N_NODE_297_length_2293_cov_4.08981_ID_593,4109,2293
N_NODE_298_length_2292_cov_39.9039_ID_595,4110,2292
N_NODE_302_length_2283_cov_5.58303_ID_603,4111,2283
N_NODE_304_length_2277_cov_7.44014_ID_607,4113,2277
N_NODE_306_length_2274_cov_46.1857_ID_611,4115,2274
N_NODE_307_length_2270_cov_18.7255_ID_613,4116,2270
N_NODE_309_length_2249_cov_45.2771_ID_617,4118,2249
N_NODE_314_length_2242_cov_7.27572_ID_627,4119,2242
N_NODE_317_length_2227_cov_6.37845_ID_633,4120,2227
N_NODE_324_length_2212_cov_3.66898_ID_647,4123,2212
N_NODE_325_length_2212_cov_2.23319_ID_649,4124,2212
N_NODE_328_length_2208_cov_54.2387_ID_655,4125,2208
N_NODE_329_length_2203_cov_6.14292_ID_657,4126,2203
N_NODE_335_length_2183_cov_69.6593_ID_669,4130,2183
N_NODE_339_length_2167_cov_5.86316_ID_677,4131,2167
N_NODE_340_length_2166_cov_6.67551_ID_679,4132,2166
N_NODE_345_length_2157_cov_5.69886_ID_689,4135,2157
N_NODE_349_length_2146_cov_29.2473_ID_697,4136,2146
N_NODE_351_length_2142_cov_3.74461_ID_701,4137,2142
N_NODE_352_length_2137_cov_11.8156_ID_703,4138,2137
N_NODE_355_length_2134_cov_10.5406_ID_709,4140,2134
N_NODE_357_length_2114_cov_4.7795_ID_713,4141,2114
N_NODE_358_length_2104_cov_49.6349_ID_715,4142,2104
N_NODE_361_length_2100_cov_15.7345_ID_721,4143,2100
N_NODE_363_length_2091_cov_71.8418_ID_725,4144,2091
N_NODE_365_length_2088_cov_19.4806_ID_729,4146,2088
N_NODE_371_length_2075_cov_4.66238_ID_741,4148,2075
N_NODE_372_length_2072_cov_5.79921_ID_743,4149,2072
N_NODE_373_length_2070_cov_13.1186_ID_745,4150,2070
N_NODE_374_length_2063_cov_6.92331_ID_747,4151,2063
N_NODE_376_length_2056_cov_18.8916_ID_751,4152,2056
N_NODE_379_length_2054_cov_6.44822_ID_757,4154,2054
N_NODE_383_length_2046_cov_3.00854_ID_765,4155,2046
N_NODE_385_length_2039_cov_42.8377_ID_769,4156,2039
N_NODE_390_length_2027_cov_49.0188_ID_779,4157,2027
N_NODE_394_length_2013_cov_4.44995_ID_787,4160,2013
O_NODE_4_length_6829_cov_80.1718_ID_7,4543,6829
O_NODE_29_length_3374_cov_5.38114_ID_57,4550,3374
O_NODE_39_length_3089_cov_9.24324_ID_77,4553,3089
O_NODE_40_length_3066_cov_4.28894_ID_79,4554,3066
O_NODE_41_length_3058_cov_123.456_ID_81,4555,3058
O_NODE_43_length_3019_cov_3.69636_ID_85,4556,3019
O_NODE_45_length_2989_cov_3.39162_ID_89,4558,2989
O_NODE_46_length_2985_cov_2.49352_ID_91,4559,2985
O_NODE_47_length_2984_cov_16.0399_ID_93,4560,2984
O_NODE_54_length_2906_cov_39.4184_ID_107,4563,2906
O_NODE_55_length_2899_cov_36.4473_ID_109,4564,2899
O_NODE_60_length_2809_cov_5.80247_ID_119,4568,2809
O_NODE_66_length_2746_cov_3.32256_ID_131,4570,2746
O_NODE_67_length_2745_cov_5.14238_ID_133,4571,2745
O_NODE_70_length_2729_cov_33.9016_ID_139,4572,2729
O_NODE_74_length_2705_cov_45.0294_ID_147,4574,2705
O_NODE_78_length_2683_cov_3.50381_ID_155,4575,2683
O_NODE_80_length_2658_cov_24.7027_ID_159,4577,2658
O_NODE_81_length_2651_cov_23.9669_ID_161,4578,2651
O_NODE_84_length_2629_cov_21.1962_ID_167,4581,2629
O_NODE_86_length_2623_cov_4.82632_ID_171,4582,2623
O_NODE_89_length_2611_cov_3.39437_ID_177,4585,2611
O_NODE_90_length_2608_cov_11.0368_ID_179,4586,2608
O_NODE_93_length_2594_cov_4.29421_ID_185,4589,2594
O_NODE_96_length_2573_cov_11.2728_ID_191,4592,2573
O_NODE_97_length_2570_cov_53.6064_ID_193,4593,2570
O_NODE_99_length_2539_cov_2.93398_ID_197,4595,2539
O_NODE_104_length_2491_cov_8.80542_ID_207,4598,2491
O_NODE_105_length_2487_cov_3.38487_ID_209,4599,2487
O_NODE_106_length_2476_cov_5.85543_ID_211,4600,2476
O_NODE_108_length_2472_cov_19.0521_ID_215,4601,2472
O_NODE_114_length_2456_cov_26.2511_ID_227,4604,2456
O_NODE_115_length_2447_cov_8.67433_ID_229,4605,2447
O_NODE_116_length_2429_cov_43.2506_ID_231,4606,2429
O_NODE_118_length_2415_cov_17.6195_ID_235,4607,2415
O_NODE_119_length_2400_cov_18.2507_ID_237,4608,2400
O_NODE_120_length_2397_cov_8.36422_ID_239,4609,2397
O_NODE_125_length_2376_cov_6.26885_ID_249,4610,2376
O_NODE_128_length_2366_cov_5.34055_ID_255,4612,2366
O_NODE_129_length_2359_cov_12.931_ID_257,4613,2359
O_NODE_132_length_2343_cov_2.68881_ID_263,4616,2343
O_NODE_138_length_2316_cov_3.58824_ID_275,4618,2316
O_NODE_139_length_2312_cov_82.3434_ID_277,4619,2312
O_NODE_141_length_2306_cov_10.6508_ID_281,4620,2306
O_NODE_142_length_2293_cov_4.1412_ID_283,4621,2293
O_NODE_144_length_2274_cov_9.35692_ID_287,4623,2274
O_NODE_149_length_2249_cov_2.18687_ID_297,4625,2249
O_NODE_150_length_2249_cov_1.84458_ID_299,4626,2249
O_NODE_153_length_2242_cov_40.7581_ID_305,4628,2242
O_NODE_156_length_2208_cov_3.75801_ID_311,4630,2208
O_NODE_164_length_2179_cov_23.4958_ID_327,4633,2179
O_NODE_167_length_2137_cov_3.51537_ID_333,4635,2137
O_NODE_169_length_2128_cov_14.7564_ID_337,4636,2128
O_NODE_172_length_2114_cov_13.0223_ID_343,4638,2114
O_NODE_174_length_2100_cov_4.81956_ID_347,4640,2100
O_NODE_179_length_2074_cov_3.53938_ID_357,4642,2074
O_NODE_180_length_2072_cov_22.0545_ID_359,4643,2072
O_NODE_183_length_2063_cov_3.21863_ID_365,4646,2063
O_NODE_184_length_2060_cov_19.6125_ID_367,4647,2060
O_NODE_186_length_2054_cov_2.6018_ID_371,4649,2054
O_NODE_188_length_2021_cov_13.7808_ID_375,4650,2021
O_NODE_189_length_2017_cov_10.8843_ID_377,4651,2017
O_NODE_190_length_2017_cov_8.69011_ID_379,4652,2017
P_NODE_27_length_2278_cov_6.21188_ID_53,5043,2278
P_NODE_29_length_2208_cov_6.16117_ID_57,5045,2208
Q_NODE_10_length_3151_cov_33.4096_ID_19,5073,3151
Q_NODE_12_length_2855_cov_3.83786_ID_23,5074,2855
Q_NODE_16_length_2731_cov_16.8378_ID_31,5075,2731
Q_NODE_17_length_2719_cov_4.3232_ID_33,5076,2719
Q_NODE_19_length_2628_cov_9.00389_ID_37,5078,2628
Q_NODE_20_length_2625_cov_5.37782_ID_39,5079,2625
Q_NODE_21_length_2580_cov_2.25069_ID_41,5080,2580
Q_NODE_22_length_2568_cov_3.39952_ID_43,5081,2568
Q_NODE_29_length_2413_cov_2.69678_ID_57,5083,2413
Q_NODE_30_length_2377_cov_3.10508_ID_59,5084,2377
Q_NODE_31_length_2356_cov_39.794_ID_61,5085,2356
Q_NODE_37_length_2218_cov_4.77624_ID_73,5087,2218
Q_NODE_38_length_2209_cov_6.67502_ID_75,5088,2209
Q_NODE_41_length_2078_cov_6.8611_ID_81,5089,2078
Q_NODE_42_length_2075_cov_3.98416_ID_83,5090,2075
Q_NODE_44_length_2046_cov_6.98493_ID_87,5091,2046
Q_NODE_46_length_2032_cov_4.95953_ID_91,5092,2032
Q_NODE_47_length_2031_cov_2.94534_ID_93,5093,2031
Q_NODE_48_length_2017_cov_43.4776_ID_95,5094,2017
Q_NODE_50_length_2004_cov_10.197_ID_99,5095,2004
S_NODE_54_length_4547_cov_23.1636_ID_107,5248,4547
S_NODE_92_length_3461_cov_4.17733_ID_183,5257,3461
S_NODE_93_length_3434_cov_465.775_ID_185,5258,3434
S_NODE_97_length_3379_cov_19.5403_ID_193,5260,3379
S_NODE_100_length_3375_cov_53.8723_ID_199,5262,3375
S_NODE_101_length_3374_cov_8.9075_ID_201,5263,3374
S_NODE_104_length_3336_cov_7.36635_ID_207,5264,3336
S_NODE_106_length_3308_cov_7.44728_ID_211,5265,3308
S_NODE_108_length_3304_cov_8.64481_ID_215,5266,3304
S_NODE_110_length_3271_cov_199.621_ID_219,5267,3271
S_NODE_117_length_3242_cov_4.89583_ID_233,5269,3242
S_NODE_119_length_3229_cov_15.6355_ID_237,5270,3229
S_NODE_127_length_3130_cov_14.0237_ID_253,5272,3130
S_NODE_132_length_3104_cov_11.3516_ID_263,5276,3104
S_NODE_134_length_3058_cov_20.629_ID_267,5278,3058
S_NODE_141_length_2977_cov_597.122_ID_281,5280,2977
S_NODE_150_length_2906_cov_4.04981_ID_299,5282,2906
S_NODE_152_length_2888_cov_3.86304_ID_303,5283,2888
S_NODE_158_length_2873_cov_43.9418_ID_315,5286,2873
S_NODE_164_length_2855_cov_44.6961_ID_327,5287,2855
S_NODE_166_length_2837_cov_12.3684_ID_331,5288,2837
S_NODE_167_length_2829_cov_16.1406_ID_333,5289,2829
S_NODE_169_length_2797_cov_4.58023_ID_337,5290,2797
S_NODE_176_length_2752_cov_24.2762_ID_351,5293,2752
S_NODE_178_length_2746_cov_5.15533_ID_355,5294,2746
S_NODE_181_length_2718_cov_8.67142_ID_361,5296,2718
S_NODE_188_length_2645_cov_185.298_ID_375,5300,2645
S_NODE_189_length_2633_cov_14.524_ID_377,5301,2633
S_NODE_190_length_2625_cov_26.4128_ID_379,5302,2625
S_NODE_191_length_2615_cov_10.2133_ID_381,5303,2615
S_NODE_192_length_2610_cov_22.8223_ID_383,5304,2610
S_NODE_193_length_2608_cov_19.1026_ID_385,5305,2608
S_NODE_195_length_2596_cov_5.70445_ID_389,5307,2596
S_NODE_204_length_2570_cov_78.6584_ID_407,5312,2570
S_NODE_213_length_2543_cov_13.3183_ID_425,5315,2543
S_NODE_214_length_2543_cov_8.94293_ID_427,5316,2543
S_NODE_215_length_2542_cov_48.8685_ID_429,5317,2542
S_NODE_216_length_2540_cov_4.76258_ID_431,5318,2540
S_NODE_220_length_2494_cov_10.7737_ID_439,5319,2494
S_NODE_223_length_2487_cov_11.4675_ID_445,5321,2487
S_NODE_224_length_2482_cov_25.5624_ID_447,5322,2482
S_NODE_228_length_2455_cov_8.22167_ID_455,5325,2455
S_NODE_229_length_2443_cov_7.52387_ID_457,5326,2443
S_NODE_232_length_2429_cov_18.888_ID_463,5327,2429
S_NODE_241_length_2397_cov_17.1896_ID_481,5331,2397
S_NODE_243_length_2390_cov_12.3058_ID_485,5333,2390
S_NODE_245_length_2380_cov_230.066_ID_489,5335,2380
S_NODE_246_length_2376_cov_10.5605_ID_491,5336,2376
S_NODE_249_length_2365_cov_6.30043_ID_497,5337,2365
S_NODE_251_length_2359_cov_15.8767_ID_501,5338,2359
S_NODE_252_length_2345_cov_7.13231_ID_503,5339,2345
S_NODE_257_length_2318_cov_23.4158_ID_513,5341,2318
S_NODE_261_length_2311_cov_28.0607_ID_521,5342,2311
S_NODE_264_length_2303_cov_6.80472_ID_527,5344,2303
S_NODE_266_length_2293_cov_5.19124_ID_531,5345,2293
S_NODE_268_length_2292_cov_19.9253_ID_535,5346,2292
S_NODE_271_length_2281_cov_18.3311_ID_541,5348,2281
S_NODE_273_length_2277_cov_10.4037_ID_545,5349,2277
S_NODE_278_length_2248_cov_7.5782_ID_555,5353,2248
S_NODE_282_length_2232_cov_5.34313_ID_563,5355,2232
S_NODE_285_length_2212_cov_18.6393_ID_569,5358,2212
S_NODE_286_length_2208_cov_10.4138_ID_571,5359,2208
S_NODE_287_length_2206_cov_12.2669_ID_573,5360,2206
S_NODE_288_length_2203_cov_29.1518_ID_575,5361,2203
S_NODE_294_length_2183_cov_7.11278_ID_587,5364,2183
S_NODE_295_length_2179_cov_2.71516_ID_589,5365,2179
S_NODE_296_length_2178_cov_4.78474_ID_591,5366,2178
S_NODE_304_length_2134_cov_9.05291_ID_607,5368,2134
S_NODE_308_length_2125_cov_9.6256_ID_615,5369,2125
S_NODE_309_length_2122_cov_13.1185_ID_617,5370,2122
S_NODE_311_length_2112_cov_41.5746_ID_621,5371,2112
S_NODE_315_length_2091_cov_15.9018_ID_629,5373,2091
S_NODE_320_length_2077_cov_3.44461_ID_639,5375,2077
S_NODE_321_length_2076_cov_14.0208_ID_641,5376,2076
S_NODE_322_length_2074_cov_841.57_ID_643,5377,2074
S_NODE_324_length_2072_cov_92.7853_ID_647,5378,2072
S_NODE_326_length_2070_cov_14.1519_ID_651,5379,2070
S_NODE_329_length_2065_cov_9.87264_ID_657,5380,2065
S_NODE_333_length_2056_cov_4.50725_ID_665,5383,2056
S_NODE_339_length_2041_cov_11.8872_ID_677,5386,2041
S_NODE_340_length_2038_cov_3.76198_ID_679,5387,2038
S_NODE_345_length_2032_cov_36.2888_ID_689,5389,2032
S_NODE_347_length_2017_cov_91.1519_ID_693,5391,2017
S_NODE_348_length_2013_cov_8.46272_ID_695,5392,2013
S_NODE_349_length_2012_cov_4.47062_ID_697,5393,2012
S_NODE_351_length_2005_cov_7.90462_ID_701,5394,2005
S_NODE_352_length_2004_cov_53.2114_ID_703,5395,2004
T_NODE_3_length_6709_cov_372.865_ID_5,5983,6709
T_NODE_5_length_6320_cov_7.6838_ID_9,5984,6320
T_NODE_12_length_4887_cov_15.8317_ID_23,5986,4887
T_NODE_13_length_4565_cov_6.2_ID_25,5987,4565
T_NODE_25_length_3928_cov_50.5167_ID_49,5990,3928
T_NODE_27_length_3819_cov_13.1323_ID_53,5991,3819
T_NODE_32_length_3753_cov_7.9351_ID_63,5993,3753
T_NODE_40_length_3648_cov_71.6869_ID_79,5998,3648
T_NODE_42_length_3620_cov_39.4154_ID_83,6000,3620
T_NODE_43_length_3582_cov_159.707_ID_85,6001,3582
T_NODE_50_length_3461_cov_9.55666_ID_99,6004,3461
T_NODE_55_length_3385_cov_14.703_ID_109,6006,3385
T_NODE_56_length_3376_cov_3.63264_ID_111,6007,3376
T_NODE_57_length_3373_cov_43.3975_ID_113,6008,3373
T_NODE_58_length_3309_cov_13.2028_ID_115,6009,3309
T_NODE_59_length_3279_cov_3.46867_ID_117,6010,3279
T_NODE_63_length_3181_cov_10.8429_ID_125,6012,3181
T_NODE_68_length_3143_cov_5.79242_ID_135,6014,3143
T_NODE_71_length_3136_cov_43.0526_ID_141,6015,3136
T_NODE_74_length_3088_cov_16.4355_ID_147,6017,3088
T_NODE_78_length_3066_cov_13.2039_ID_155,6019,3066
T_NODE_82_length_3055_cov_82.6427_ID_163,6022,3055
T_NODE_83_length_3045_cov_8.48528_ID_165,6023,3045
T_NODE_85_length_3032_cov_20.5838_ID_169,6024,3032
T_NODE_87_length_3029_cov_15.85_ID_173,6026,3029
T_NODE_90_length_2989_cov_22.9175_ID_179,6027,2989
T_NODE_92_length_2967_cov_89.9808_ID_183,6028,2967
T_NODE_93_length_2967_cov_131.308_ID_185,6029,2967
T_NODE_102_length_2906_cov_33.7948_ID_203,6030,2906
T_NODE_112_length_2849_cov_791.123_ID_223,6034,2849
T_NODE_114_length_2832_cov_253.656_ID_227,6036,2832
T_NODE_115_length_2820_cov_15.4955_ID_229,6037,2820
T_NODE_120_length_2771_cov_8.8704_ID_239,6039,2771
T_NODE_125_length_2746_cov_24.6169_ID_249,6040,2746
T_NODE_130_length_2718_cov_37.4435_ID_259,6042,2718
T_NODE_134_length_2683_cov_7.27283_ID_267,6043,2683
T_NODE_136_length_2675_cov_14.4023_ID_271,6044,2675
T_NODE_142_length_2639_cov_6.64938_ID_283,6047,2639
T_NODE_144_length_2633_cov_6.67766_ID_287,6049,2633
T_NODE_145_length_2631_cov_15.0477_ID_289,6050,2631
T_NODE_149_length_2608_cov_67.8962_ID_297,6054,2608
T_NODE_154_length_2596_cov_14.4317_ID_307,6056,2596
T_NODE_155_length_2595_cov_15.002_ID_309,6057,2595
T_NODE_162_length_2571_cov_16.8462_ID_323,6060,2571
T_NODE_163_length_2569_cov_24.3727_ID_325,6061,2569
T_NODE_173_length_2543_cov_4.9176_ID_345,6065,2543
T_NODE_180_length_2487_cov_35.4309_ID_359,6066,2487
T_NODE_181_length_2482_cov_8.0515_ID_361,6067,2482
T_NODE_182_length_2476_cov_176.048_ID_363,6068,2476
T_NODE_183_length_2476_cov_8.30153_ID_365,6069,2476
T_NODE_184_length_2474_cov_4.08309_ID_367,6070,2474
T_NODE_185_length_2472_cov_104.743_ID_369,6071,2472
T_NODE_186_length_2470_cov_1027.49_ID_371,6072,2470
T_NODE_193_length_2449_cov_1039.42_ID_385,6075,2449
T_NODE_200_length_2432_cov_51.0711_ID_399,6077,2432
T_NODE_203_length_2421_cov_5.69696_ID_405,6080,2421
T_NODE_208_length_2385_cov_6.76867_ID_415,6081,2385
T_NODE_211_length_2376_cov_25.9065_ID_421,6083,2376
T_NODE_213_length_2355_cov_13.5283_ID_425,6084,2355
T_NODE_214_length_2354_cov_55.2488_ID_427,6085,2354
T_NODE_217_length_2341_cov_16.2227_ID_433,6086,2341
T_NODE_218_length_2334_cov_4.10004_ID_435,6087,2334
T_NODE_221_length_2328_cov_10.37_ID_441,6088,2328
T_NODE_224_length_2305_cov_20.4284_ID_447,6089,2305
T_NODE_226_length_2303_cov_9.13345_ID_451,6090,2303
T_NODE_227_length_2299_cov_74.3316_ID_453,6091,2299
T_NODE_230_length_2293_cov_13.4482_ID_459,6093,2293
T_NODE_233_length_2283_cov_8.99417_ID_465,6095,2283
T_NODE_236_length_2273_cov_23.4576_ID_471,6096,2273
T_NODE_242_length_2241_cov_5.27768_ID_483,6097,2241
T_NODE_243_length_2241_cov_24.5645_ID_485,6098,2241
T_NODE_247_length_2227_cov_8.70166_ID_493,6099,2227
T_NODE_251_length_2208_cov_51.0251_ID_501,6101,2208
T_NODE_253_length_2203_cov_10.3738_ID_505,6103,2203
T_NODE_256_length_2183_cov_12.2401_ID_511,6105,2183
T_NODE_257_length_2183_cov_19.6255_ID_513,6106,2183
T_NODE_265_length_2146_cov_12.2147_ID_529,6109,2146
T_NODE_266_length_2145_cov_8.33301_ID_531,6110,2145
T_NODE_276_length_2125_cov_9.50531_ID_551,6113,2125
T_NODE_277_length_2118_cov_5.60785_ID_553,6114,2118
T_NODE_281_length_2104_cov_11.5056_ID_561,6116,2104
T_NODE_282_length_2100_cov_12.2015_ID_563,6117,2100
T_NODE_285_length_2088_cov_6.97_ID_569,6118,2088
T_NODE_286_length_2082_cov_10.11_ID_571,6119,2082
T_NODE_288_length_2072_cov_10.5335_ID_575,6120,2072
T_NODE_297_length_2054_cov_6.81591_ID_593,6122,2054
T_NODE_300_length_2043_cov_17.6217_ID_599,6123,2043
T_NODE_308_length_2017_cov_18.5387_ID_615,6127,2017
T_NODE_311_length_2014_cov_23.5258_ID_621,6130,2014
T_NODE_314_length_2010_cov_54.8875_ID_627,6131,2010
T_NODE_316_length_2008_cov_6.63543_ID_631,6132,2008
T_NODE_318_length_2004_cov_64.5952_ID_635,6134,2004
U_NODE_2_length_6709_cov_1233.99_ID_3,6702,6709
U_NODE_13_length_4350_cov_8.24354_ID_25,6705,4350
U_NODE_20_length_4038_cov_24.5129_ID_39,6706,4038
U_NODE_23_length_3819_cov_10.6812_ID_45,6707,3819
U_NODE_29_length_3578_cov_147.659_ID_57,6709,3578
U_NODE_33_length_3505_cov_95.4719_ID_65,6711,3505
U_NODE_36_length_3383_cov_5.95463_ID_71,6712,3383
U_NODE_44_length_3088_cov_4.31388_ID_87,6714,3088
U_NODE_45_length_3086_cov_648.611_ID_89,6715,3086
U_NODE_46_length_3058_cov_6.64469_ID_91,6716,3058
U_NODE_47_length_3052_cov_67.646_ID_93,6717,3052
U_NODE_51_length_3009_cov_4.23731_ID_101,6718,3009
U_NODE_55_length_2938_cov_51.1235_ID_109,6719,2938
U_NODE_63_length_2771_cov_4.92563_ID_125,6721,2771
U_NODE_66_length_2747_cov_13.1642_ID_131,6722,2747
U_NODE_71_length_2651_cov_35.7962_ID_141,6725,2651
U_NODE_77_length_2617_cov_33.9356_ID_153,6728,2617
U_NODE_79_length_2597_cov_3.41581_ID_157,6729,2597
U_NODE_82_length_2581_cov_14.673_ID_163,6732,2581
U_NODE_85_length_2552_cov_8.03124_ID_169,6733,2552
U_NODE_86_length_2542_cov_6.6928_ID_171,6734,2542
U_NODE_93_length_2472_cov_3.01448_ID_185,6737,2472
U_NODE_94_length_2449_cov_4.26149_ID_187,6738,2449
U_NODE_95_length_2447_cov_9.86998_ID_189,6739,2447
U_NODE_96_length_2443_cov_9.75544_ID_191,6740,2443
U_NODE_99_length_2406_cov_8.72352_ID_197,6741,2406
U_NODE_100_length_2405_cov_27.2311_ID_199,6742,2405
U_NODE_102_length_2397_cov_22.611_ID_203,6743,2397
U_NODE_103_length_2396_cov_10.2281_ID_205,6744,2396
U_NODE_106_length_2386_cov_5.719_ID_211,6745,2386
U_NODE_107_length_2385_cov_214.186_ID_213,6746,2385
U_NODE_108_length_2384_cov_3.45685_ID_215,6747,2384
U_NODE_110_length_2365_cov_290.578_ID_219,6749,2365
U_NODE_112_length_2356_cov_20.7618_ID_223,6750,2356
U_NODE_117_length_2304_cov_7.18897_ID_233,6751,2304
U_NODE_118_length_2283_cov_12.4897_ID_235,6752,2283
U_NODE_125_length_2165_cov_4.3237_ID_249,6755,2165
U_NODE_126_length_2146_cov_7.99187_ID_251,6756,2146
U_NODE_128_length_2120_cov_68.7036_ID_255,6758,2120
U_NODE_129_length_2114_cov_6.14327_ID_257,6759,2114
U_NODE_131_length_2108_cov_8.16805_ID_261,6760,2108
U_NODE_134_length_2091_cov_4.84037_ID_267,6762,2091
U_NODE_135_length_2088_cov_4.66699_ID_269,6763,2088
U_NODE_136_length_2058_cov_3.41987_ID_271,6764,2058
U_NODE_137_length_2058_cov_30.8477_ID_273,6765,2058
U_NODE_140_length_2044_cov_11.4449_ID_279,6767,2044
U_NODE_141_length_2042_cov_9.99799_ID_281,6768,2042
U_NODE_142_length_2039_cov_4.69304_ID_283,6769,2039
U_NODE_144_length_2038_cov_9.24811_ID_287,6770,2038
U_NODE_145_length_2037_cov_3.54087_ID_289,6771,2037
U_NODE_147_length_2029_cov_12.1611_ID_293,6772,2029
U_NODE_150_length_2008_cov_62.1091_ID_299,6773,2008
V_NODE_1_length_6709_cov_179.98_ID_1,7146,6709
W_NODE_8_length_4817_cov_7.14994_ID_15,7204,4817
W_NODE_10_length_4618_cov_7.83673_ID_19,7206,4618
W_NODE_12_length_4350_cov_7.51804_ID_23,7207,4350
W_NODE_15_length_3792_cov_20.5809_ID_29,7209,3792
W_NODE_19_length_3385_cov_11.5571_ID_37,7210,3385
W_NODE_22_length_3336_cov_3.26272_ID_43,7211,3336
W_NODE_23_length_3293_cov_116.645_ID_45,7212,3293
W_NODE_27_length_3151_cov_5.59302_ID_53,7214,3151
W_NODE_28_length_3136_cov_14.2587_ID_55,7215,3136
W_NODE_29_length_3102_cov_99.6134_ID_57,7216,3102
W_NODE_31_length_3058_cov_46.1768_ID_61,7217,3058
W_NODE_35_length_2984_cov_16.3131_ID_69,7218,2984
W_NODE_36_length_2977_cov_38.1886_ID_71,7219,2977
W_NODE_42_length_2906_cov_4.32094_ID_83,7221,2906
W_NODE_43_length_2885_cov_9.09399_ID_85,7222,2885
W_NODE_44_length_2875_cov_8.12908_ID_87,7223,2875
W_NODE_45_length_2865_cov_31.4612_ID_89,7224,2865
W_NODE_49_length_2797_cov_6.40773_ID_97,7227,2797
W_NODE_50_length_2750_cov_4.72319_ID_99,7228,2750
W_NODE_52_length_2728_cov_4.56192_ID_103,7229,2728
W_NODE_53_length_2700_cov_3.11229_ID_105,7230,2700
W_NODE_54_length_2689_cov_7.0224_ID_107,7231,2689
W_NODE_55_length_2677_cov_5.11556_ID_109,7232,2677
W_NODE_56_length_2672_cov_1.95338_ID_111,7233,2672
W_NODE_57_length_2669_cov_2.90704_ID_113,7234,2669
W_NODE_59_length_2651_cov_6.44222_ID_117,7236,2651
W_NODE_61_length_2640_cov_15.4205_ID_121,7237,2640
W_NODE_62_length_2617_cov_75.6589_ID_123,7238,2617
W_NODE_63_length_2607_cov_4.84013_ID_125,7239,2607
W_NODE_64_length_2594_cov_8.19378_ID_127,7240,2594
W_NODE_67_length_2571_cov_4.56995_ID_133,7242,2571
W_NODE_70_length_2542_cov_2.04463_ID_139,7244,2542
W_NODE_71_length_2542_cov_5.64777_ID_141,7245,2542
W_NODE_75_length_2485_cov_2.85844_ID_149,7248,2485
W_NODE_77_length_2474_cov_2.82844_ID_153,7249,2474
W_NODE_78_length_2449_cov_239.391_ID_155,7250,2449
W_NODE_80_length_2442_cov_10.5455_ID_159,7252,2442
W_NODE_82_length_2431_cov_7.06145_ID_163,7253,2431
W_NODE_83_length_2429_cov_33.5872_ID_165,7254,2429
W_NODE_85_length_2422_cov_3.94339_ID_169,7255,2422
W_NODE_86_length_2415_cov_3.01483_ID_171,7256,2415
W_NODE_88_length_2406_cov_3.55764_ID_175,7257,2406
W_NODE_90_length_2393_cov_18.7322_ID_179,7259,2393
W_NODE_92_length_2384_cov_4.36625_ID_183,7261,2384
W_NODE_93_length_2376_cov_30.922_ID_185,7262,2376
W_NODE_94_length_2368_cov_6.09339_ID_187,7263,2368
W_NODE_96_length_2365_cov_6.33203_ID_191,7264,2365
W_NODE_97_length_2365_cov_6.00779_ID_193,7265,2365
W_NODE_99_length_2347_cov_2.8774_ID_197,7266,2347
W_NODE_106_length_2304_cov_6.95242_ID_211,7268,2304
W_NODE_109_length_2295_cov_52.1844_ID_217,7269,2295
W_NODE_110_length_2295_cov_9.86964_ID_219,7270,2295
W_NODE_115_length_2233_cov_2.91185_ID_229,7273,2233
W_NODE_117_length_2218_cov_9.55201_ID_233,7275,2218
W_NODE_118_length_2208_cov_10.3052_ID_235,7276,2208
W_NODE_122_length_2183_cov_3.43421_ID_243,7279,2183
W_NODE_127_length_2146_cov_3.03013_ID_253,7280,2146
W_NODE_129_length_2125_cov_5.13961_ID_257,7281,2125
W_NODE_132_length_2098_cov_7.94714_ID_263,7282,2098
W_NODE_134_length_2088_cov_5.36399_ID_267,7283,2088
W_NODE_136_length_2074_cov_3.95641_ID_271,7285,2074
W_NODE_139_length_2054_cov_7.44922_ID_277,7286,2054
W_NODE_140_length_2046_cov_13.1306_ID_279,7287,2046
W_NODE_143_length_2030_cov_13.0704_ID_285,7289,2030
W_NODE_146_length_2021_cov_10.4959_ID_291,7291,2021
W_NODE_147_length_2017_cov_32.5454_ID_293,7292,2017
W_NODE_148_length_2013_cov_2.9382_ID_295,7293,2013
W_NODE_149_length_2009_cov_13.3265_ID_297,7294,2009
X_NODE_2_length_6611_cov_97.9588_ID_3,7573,6611
X_NODE_15_length_3876_cov_3.47946_ID_29,7578,3876
X_NODE_23_length_3571_cov_27.5347_ID_45,7581,3571
X_NODE_35_length_3348_cov_13.3334_ID_69,7585,3348
X_NODE_38_length_3263_cov_4.05393_ID_75,7587,3263
X_NODE_40_length_3248_cov_47.8951_ID_79,7588,3248
X_NODE_41_length_3242_cov_7.60872_ID_81,7589,3242
X_NODE_43_length_3202_cov_2.88783_ID_85,7590,3202
X_NODE_46_length_3163_cov_32.8362_ID_91,7592,3163
X_NODE_47_length_3158_cov_5.65614_ID_93,7593,3158
X_NODE_48_length_3148_cov_3.07242_ID_95,7594,3148
X_NODE_53_length_3126_cov_20.436_ID_105,7595,3126
X_NODE_55_length_3105_cov_8.52393_ID_109,7596,3105
X_NODE_61_length_3052_cov_5.07708_ID_121,7599,3052
X_NODE_65_length_3006_cov_26.7523_ID_129,7601,3006
X_NODE_69_length_2965_cov_32.0619_ID_137,7604,2965
X_NODE_71_length_2940_cov_4.33033_ID_141,7605,2940
X_NODE_73_length_2906_cov_7.97229_ID_145,7607,2906
X_NODE_77_length_2848_cov_15.6241_ID_153,7609,2848
X_NODE_79_length_2845_cov_4.54409_ID_157,7611,2845
X_NODE_80_length_2799_cov_19.7635_ID_159,7612,2799
X_NODE_81_length_2797_cov_6.29942_ID_161,7613,2797
X_NODE_84_length_2772_cov_3.81892_ID_167,7615,2772
X_NODE_85_length_2771_cov_3.64323_ID_169,7616,2771
X_NODE_88_length_2729_cov_4.65482_ID_175,7617,2729
X_NODE_90_length_2719_cov_5.53303_ID_179,7619,2719
X_NODE_93_length_2662_cov_3.09398_ID_185,7620,2662
X_NODE_95_length_2651_cov_89.9222_ID_189,7622,2651
X_NODE_97_length_2637_cov_24.5205_ID_193,7624,2637
X_NODE_98_length_2633_cov_11.2203_ID_195,7625,2633
X_NODE_99_length_2612_cov_17.7219_ID_197,7626,2612
X_NODE_101_length_2596_cov_7.06572_ID_201,7627,2596
X_NODE_102_length_2594_cov_9.92123_ID_203,7628,2594
X_NODE_105_length_2580_cov_15.9117_ID_209,7629,2580
X_NODE_106_length_2570_cov_8.96501_ID_211,7630,2570
X_NODE_108_length_2570_cov_8.52326_ID_215,7631,2570
X_NODE_113_length_2542_cov_29.9887_ID_225,7632,2542
X_NODE_115_length_2537_cov_3.37147_ID_229,7634,2537
X_NODE_116_length_2533_cov_4.22962_ID_231,7635,2533
X_NODE_123_length_2487_cov_5.10074_ID_245,7637,2487
X_NODE_126_length_2474_cov_44.5932_ID_251,7639,2474
X_NODE_129_length_2466_cov_6.66902_ID_257,7640,2466
X_NODE_135_length_2443_cov_9.02178_ID_269,7642,2443
X_NODE_138_length_2389_cov_8.7108_ID_275,7643,2389
X_NODE_140_length_2385_cov_5.997_ID_279,7645,2385
X_NODE_141_length_2385_cov_27.682_ID_281,7646,2385
X_NODE_143_length_2376_cov_61.9212_ID_285,7647,2376
X_NODE_144_length_2372_cov_3.19163_ID_287,7648,2372
X_NODE_146_length_2365_cov_40.171_ID_291,7650,2365
X_NODE_147_length_2360_cov_4.66204_ID_293,7651,2360
X_NODE_148_length_2359_cov_16.1424_ID_295,7652,2359
X_NODE_149_length_2357_cov_2.03128_ID_297,7653,2357
X_NODE_150_length_2356_cov_105.082_ID_299,7654,2356
X_NODE_151_length_2355_cov_9.25826_ID_301,7655,2355
X_NODE_154_length_2345_cov_5.97948_ID_307,7658,2345
X_NODE_160_length_2329_cov_4.85312_ID_319,7661,2329
X_NODE_161_length_2328_cov_14.3559_ID_321,7662,2328
X_NODE_162_length_2304_cov_3.19831_ID_323,7663,2304
X_NODE_163_length_2293_cov_4.15147_ID_325,7664,2293
X_NODE_165_length_2283_cov_8.42101_ID_329,7666,2283
X_NODE_166_length_2278_cov_50.7436_ID_331,7667,2278
X_NODE_174_length_2218_cov_73.3523_ID_347,7671,2218
X_NODE_176_length_2213_cov_4.89249_ID_351,7672,2213
X_NODE_177_length_2211_cov_3.53896_ID_353,7673,2211
X_NODE_178_length_2208_cov_3.92476_ID_355,7674,2208
X_NODE_180_length_2203_cov_6.73231_ID_359,7676,2203
X_NODE_181_length_2194_cov_9.05236_ID_361,7677,2194
X_NODE_183_length_2183_cov_6.70724_ID_365,7678,2183
X_NODE_185_length_2157_cov_12.0281_ID_369,7680,2157
X_NODE_188_length_2134_cov_25.3127_ID_375,7682,2134
X_NODE_189_length_2128_cov_4.90835_ID_377,7683,2128
X_NODE_193_length_2125_cov_7.68213_ID_385,7686,2125
X_NODE_194_length_2124_cov_20.7173_ID_387,7687,2124
X_NODE_195_length_2114_cov_10.4337_ID_389,7688,2114
X_NODE_197_length_2106_cov_5.22477_ID_393,7690,2106
X_NODE_199_length_2098_cov_128.918_ID_397,7692,2098
X_NODE_202_length_2091_cov_18.3782_ID_403,7693,2091
X_NODE_203_length_2089_cov_18.41_ID_405,7694,2089
X_NODE_204_length_2088_cov_3.96655_ID_407,7695,2088
X_NODE_208_length_2075_cov_3.64851_ID_415,7697,2075
X_NODE_209_length_2072_cov_24.7918_ID_417,7698,2072
X_NODE_210_length_2068_cov_5.84054_ID_419,7699,2068
X_NODE_211_length_2068_cov_31.4968_ID_421,7700,2068
X_NODE_213_length_2065_cov_40.8597_ID_425,7701,2065
X_NODE_217_length_2054_cov_4.30815_ID_433,7703,2054
X_NODE_219_length_2041_cov_16.1344_ID_437,7704,2041
X_NODE_220_length_2035_cov_7.48687_ID_439,7705,2035
X_NODE_221_length_2032_cov_7.01821_ID_441,7706,2032
X_NODE_224_length_2021_cov_15.3825_ID_447,7707,2021
X_NODE_226_length_2014_cov_35.1378_ID_451,7709,2014
X_NODE_227_length_2013_cov_2.28141_ID_453,7710,2013
X_NODE_228_length_2011_cov_145.722_ID_455,7711,2011
X_NODE_229_length_2004_cov_23.1714_ID_457,7712,2004
Y_NODE_4_length_6559_cov_14.6705_ID_7,8094,6559
Y_NODE_15_length_4565_cov_6.87561_ID_29,8097,4565
Y_NODE_27_length_3706_cov_6.19638_ID_53,8101,3706
Y_NODE_29_length_3634_cov_54.1959_ID_57,8102,3634
Y_NODE_31_length_3550_cov_8.96681_ID_61,8103,3550
Y_NODE_38_length_3397_cov_4.70766_ID_75,8104,3397
Y_NODE_39_length_3383_cov_13.2184_ID_77,8105,3383
Y_NODE_40_length_3337_cov_5.32419_ID_79,8106,3337
Y_NODE_43_length_3304_cov_7.82271_ID_85,8108,3304
Y_NODE_45_length_3255_cov_5.86344_ID_89,8109,3255
Y_NODE_46_length_3231_cov_5.00724_ID_91,8110,3231
Y_NODE_48_length_3228_cov_3.68453_ID_95,8111,3228
Y_NODE_49_length_3228_cov_4.71667_ID_97,8112,3228
Y_NODE_53_length_3165_cov_3.75048_ID_105,8113,3165
Y_NODE_54_length_3156_cov_6.66269_ID_107,8114,3156
Y_NODE_55_length_3151_cov_8.21124_ID_109,8115,3151
Y_NODE_59_length_3083_cov_5.4214_ID_117,8116,3083
Y_NODE_61_length_3052_cov_3.87754_ID_121,8117,3052
Y_NODE_62_length_3045_cov_4.43545_ID_123,8118,3045
Y_NODE_63_length_3031_cov_4.64919_ID_125,8119,3031
Y_NODE_67_length_2985_cov_49.2065_ID_133,8120,2985
Y_NODE_68_length_2984_cov_7.80335_ID_135,8121,2984
Y_NODE_70_length_2977_cov_148.53_ID_139,8122,2977
Y_NODE_73_length_2940_cov_5.3279_ID_145,8124,2940
Y_NODE_75_length_2911_cov_3.61099_ID_149,8125,2911
Y_NODE_76_length_2906_cov_21.4265_ID_151,8126,2906
Y_NODE_81_length_2885_cov_12.9859_ID_161,8130,2885
Y_NODE_83_length_2873_cov_3.20688_ID_165,8131,2873
Y_NODE_88_length_2829_cov_15.9427_ID_175,8133,2829
Y_NODE_90_length_2811_cov_5.04681_ID_179,8134,2811
Y_NODE_92_length_2799_cov_20.4195_ID_183,8135,2799
Y_NODE_93_length_2797_cov_8.74544_ID_185,8136,2797
Y_NODE_97_length_2747_cov_6.26152_ID_193,8137,2747
Y_NODE_101_length_2730_cov_16.1574_ID_201,8139,2730
Y_NODE_103_length_2704_cov_20.0347_ID_205,8140,2704
Y_NODE_105_length_2688_cov_7.27801_ID_209,8141,2688
Y_NODE_106_length_2681_cov_5.88157_ID_211,8142,2681
Y_NODE_110_length_2651_cov_15.5582_ID_219,8144,2651
Y_NODE_119_length_2608_cov_9.5045_ID_237,8147,2608
Y_NODE_121_length_2598_cov_24.9705_ID_241,8148,2598
Y_NODE_123_length_2596_cov_7.60606_ID_245,8150,2596
Y_NODE_125_length_2594_cov_6.64592_ID_249,8151,2594
Y_NODE_129_length_2587_cov_8.3673_ID_257,8154,2587
Y_NODE_131_length_2581_cov_5.19477_ID_261,8155,2581
Y_NODE_136_length_2552_cov_8.09972_ID_271,8156,2552
Y_NODE_137_length_2551_cov_4.82372_ID_273,8157,2551
Y_NODE_141_length_2510_cov_8.92912_ID_281,8158,2510
Y_NODE_142_length_2508_cov_3.53322_ID_283,8159,2508
Y_NODE_145_length_2495_cov_3.4332_ID_289,8161,2495
Y_NODE_147_length_2487_cov_8.95477_ID_293,8162,2487
Y_NODE_148_length_2484_cov_2.85797_ID_295,8163,2484
Y_NODE_160_length_2411_cov_614.087_ID_319,8165,2411
Y_NODE_165_length_2390_cov_4.83897_ID_329,8166,2390
Y_NODE_166_length_2386_cov_4.73531_ID_331,8167,2386
Y_NODE_167_length_2386_cov_17.55_ID_333,8168,2386
Y_NODE_168_length_2376_cov_6.37139_ID_335,8169,2376
Y_NODE_170_length_2367_cov_7.45069_ID_339,8170,2367
Y_NODE_173_length_2358_cov_6.75727_ID_345,8171,2358
Y_NODE_175_length_2356_cov_55.1691_ID_349,8172,2356
Y_NODE_176_length_2350_cov_12.4035_ID_351,8173,2350
Y_NODE_178_length_2328_cov_5.42499_ID_355,8174,2328
Y_NODE_179_length_2303_cov_19.3372_ID_357,8175,2303
Y_NODE_180_length_2300_cov_4.70601_ID_359,8176,2300
Y_NODE_181_length_2291_cov_4.23748_ID_361,8177,2291
Y_NODE_184_length_2281_cov_4.60153_ID_367,8178,2281
Y_NODE_186_length_2271_cov_21.3096_ID_371,8179,2271
Y_NODE_188_length_2247_cov_3.11861_ID_375,8180,2247
Y_NODE_190_length_2245_cov_13.2703_ID_379,8181,2245
Y_NODE_192_length_2233_cov_2.57851_ID_383,8182,2233
Y_NODE_195_length_2213_cov_38.4171_ID_389,8183,2213
Y_NODE_197_length_2208_cov_13.7431_ID_393,8184,2208
Y_NODE_199_length_2183_cov_12.9384_ID_397,8185,2183
Y_NODE_202_length_2160_cov_15.2_ID_403,8187,2160
Y_NODE_204_length_2151_cov_12.051_ID_407,8188,2151
Y_NODE_205_length_2146_cov_3.72501_ID_409,8189,2146
Y_NODE_207_length_2130_cov_3.8641_ID_413,8191,2130
Y_NODE_211_length_2125_cov_6.04348_ID_421,8192,2125
Y_NODE_212_length_2114_cov_14.8179_ID_423,8193,2114
Y_NODE_215_length_2104_cov_10.0947_ID_429,8194,2104
Y_NODE_217_length_2100_cov_8.99364_ID_433,8196,2100
Y_NODE_218_length_2091_cov_39.473_ID_435,8197,2091
Y_NODE_219_length_2090_cov_7.24914_ID_437,8198,2090
Y_NODE_220_length_2088_cov_4.576_ID_439,8199,2088
Y_NODE_223_length_2072_cov_13.2459_ID_445,8200,2072
Y_NODE_226_length_2055_cov_3.6895_ID_451,8201,2055
Y_NODE_229_length_2047_cov_26.7475_ID_457,8204,2047
Y_NODE_233_length_2039_cov_9.37097_ID_465,8206,2039
Y_NODE_236_length_2034_cov_12.7959_ID_471,8208,2034
Y_NODE_239_length_2014_cov_31.5181_ID_477,8209,2014
Y_NODE_240_length_2014_cov_6.98928_ID_479,8210,2014
Y_NODE_242_length_2008_cov_481.184_ID_483,8211,2008
Y_NODE_244_length_2004_cov_7.9215_ID_487,8212,2004
